warning: unused variable: `b`
   --> src/bin/../point_add/arith/multiply.rs:638:24
    |
638 |     let borrow_lane = |b: &mut B, _need: usize| -> Vec<QubitId> {
    |                        ^ help: if this is intentional, prefix it with an underscore: `_b`
    |
    = note: `#[warn(unused_variables)]` (part of `#[warn(unused)]`) on by default

warning: unused variable: `seg_w`
   --> src/bin/../point_add/arith/multiply.rs:649:13
    |
649 |         let seg_w = hi - lo;
    |             ^^^^^ help: if this is intentional, prefix it with an underscore: `_seg_w`

warning: variable does not need to be mutable
  --> src/bin/../point_add/dirtyscan.rs:57:9
   |
57 |     let mut note = |writers: &mut Vec<[usize; TRAIL]>, wpos: &mut Vec<u8>, q: u64, index: usize| {
   |         ----^^^^
   |         |
   |         help: remove this `mut`
   |
   = note: `#[warn(unused_mut)]` (part of `#[warn(unused)]`) on by default

warning: `quantum_ecc` (bin "build_circuit") generated 3 warnings (run `cargo fix --bin "build_circuit" -p quantum_ecc` to apply 3 suggestions)
    Finished `release` profile [optimized] target(s) in 0.06s
     Running `/Users/makimakiver/ecdsafail-wt/shared-target/release/build_circuit`
TLM_COMPARE_DIRECT call=0 phase=tlm_coord_x_sub n=19 k=19 split=0 ops_start=5288 ops_end=5562
TLM_COMPARE_DIRECT call=1 phase=tlm_coord_y_sub n=19 k=19 split=0 ops_start=11896 ops_end=12170
TLM_COMPARE_DIRECT call=2 phase=tlm_apply_inverse_mod_sub_clean n=19 k=19 split=0 ops_start=30375 ops_end=30647
TLM_COMPARE_DIRECT call=3 phase=tlm_inverse_gcd_forward_compare n=23 k=23 split=0 ops_start=31698 ops_end=32026
TLM_COMPARE_DIRECT call=4 phase=tlm_apply_inverse_mod_sub_clean n=19 k=19 split=0 ops_start=46037 ops_end=46309
TLM_COMPARE_DIRECT call=5 phase=tlm_inverse_gcd_forward_compare n=23 k=23 split=0 ops_start=47354 ops_end=47682
TLM_COMPARE_DIRECT call=6 phase=tlm_apply_inverse_mod_sub_clean n=19 k=19 split=0 ops_start=61735 ops_end=62007
TLM_COMPARE_DIRECT call=7 phase=tlm_inverse_gcd_forward_compare n=24 k=24 split=0 ops_start=63052 ops_end=63394
TLM_COMPARE_DIRECT call=8 phase=tlm_apply_inverse_mod_sub_clean n=19 k=19 split=0 ops_start=77489 ops_end=77761
TLM_COMPARE_DIRECT call=9 phase=tlm_inverse_gcd_forward_compare n=25 k=25 split=0 ops_start=78970 ops_end=79326
TLM_COMPARE_DIRECT call=10 phase=tlm_apply_inverse_mod_sub_clean n=19 k=19 split=0 ops_start=93435 ops_end=93707
TLM_COMPARE_DIRECT call=11 phase=tlm_inverse_gcd_forward_compare n=27 k=27 split=0 ops_start=94752 ops_end=95136
TLM_COMPARE_DIRECT call=12 phase=tlm_apply_inverse_mod_sub_clean n=19 k=19 split=0 ops_start=109287 ops_end=109559
TLM_COMPARE_DIRECT call=13 phase=tlm_inverse_gcd_forward_compare n=27 k=27 split=0 ops_start=110604 ops_end=110988
TLM_COMPARE_DIRECT call=14 phase=tlm_apply_inverse_mod_sub_clean n=19 k=19 split=0 ops_start=125181 ops_end=125453
TLM_COMPARE_DIRECT call=15 phase=tlm_inverse_gcd_forward_compare n=28 k=28 split=0 ops_start=126662 ops_end=127060
TLM_COMPARE_DIRECT call=16 phase=tlm_apply_inverse_mod_sub_clean n=19 k=19 split=0 ops_start=141267 ops_end=141539
TLM_COMPARE_DIRECT call=17 phase=tlm_inverse_gcd_forward_compare n=30 k=30 split=0 ops_start=142584 ops_end=143010
TLM_COMPARE_DIRECT call=18 phase=tlm_apply_inverse_mod_sub_clean n=19 k=19 split=0 ops_start=157259 ops_end=157531
TLM_COMPARE_DIRECT call=19 phase=tlm_inverse_gcd_forward_compare n=30 k=30 split=0 ops_start=158576 ops_end=159002
TLM_COMPARE_DIRECT call=20 phase=tlm_apply_inverse_mod_sub_clean n=19 k=19 split=0 ops_start=173293 ops_end=173565
TLM_COMPARE_DIRECT call=21 phase=tlm_inverse_gcd_forward_compare n=32 k=32 split=0 ops_start=174774 ops_end=175228
TLM_COMPARE_DIRECT call=22 phase=tlm_apply_inverse_mod_sub_clean n=19 k=19 split=0 ops_start=189533 ops_end=189805
TLM_COMPARE_DIRECT call=23 phase=tlm_inverse_gcd_forward_compare n=32 k=32 split=0 ops_start=190848 ops_end=191302
TLM_COMPARE_DIRECT call=24 phase=tlm_apply_inverse_mod_sub_clean n=19 k=19 split=0 ops_start=205603 ops_end=205875
TLM_COMPARE_DIRECT call=25 phase=tlm_inverse_gcd_forward_compare n=32 k=32 split=0 ops_start=206914 ops_end=207368
TLM_COMPARE_DIRECT call=26 phase=tlm_apply_inverse_mod_sub_clean n=19 k=19 split=0 ops_start=220112 ops_end=220384
TLM_COMPARE_DIRECT call=27 phase=tlm_inverse_gcd_forward_compare n=32 k=32 split=0 ops_start=221583 ops_end=222037
TLM_COMPARE_DIRECT call=28 phase=tlm_apply_inverse_mod_sub_clean n=19 k=19 split=0 ops_start=234763 ops_end=235035
TLM_COMPARE_DIRECT call=29 phase=tlm_inverse_gcd_forward_compare n=32 k=32 split=0 ops_start=236066 ops_end=236520
TLM_COMPARE_DIRECT call=30 phase=tlm_apply_inverse_mod_sub_clean n=19 k=19 split=0 ops_start=249228 ops_end=249500
TLM_COMPARE_DIRECT call=31 phase=tlm_inverse_gcd_forward_compare n=32 k=32 split=0 ops_start=250527 ops_end=250981
TLM_COMPARE_DIRECT call=32 phase=tlm_apply_inverse_mod_sub_clean n=19 k=19 split=0 ops_start=263671 ops_end=263943
TLM_COMPARE_DIRECT call=33 phase=tlm_inverse_gcd_forward_compare n=33 k=33 split=0 ops_start=265130 ops_end=265598
TLM_COMPARE_DIRECT call=34 phase=tlm_apply_inverse_mod_sub_clean n=19 k=19 split=0 ops_start=278270 ops_end=278542
TLM_COMPARE_DIRECT call=35 phase=tlm_inverse_gcd_forward_compare n=33 k=33 split=0 ops_start=279561 ops_end=280029
TLM_COMPARE_DIRECT call=36 phase=tlm_apply_inverse_mod_sub_clean n=19 k=19 split=0 ops_start=292683 ops_end=292955
TLM_COMPARE_DIRECT call=37 phase=tlm_inverse_gcd_forward_compare n=32 k=32 split=0 ops_start=293970 ops_end=294424
TLM_COMPARE_DIRECT call=38 phase=tlm_apply_inverse_mod_sub_clean n=19 k=19 split=0 ops_start=307060 ops_end=307332
TLM_COMPARE_DIRECT call=39 phase=tlm_inverse_gcd_forward_compare n=33 k=33 split=0 ops_start=308507 ops_end=308975
TLM_COMPARE_DIRECT call=40 phase=tlm_apply_inverse_mod_sub_clean n=19 k=19 split=0 ops_start=321593 ops_end=321865
TLM_COMPARE_DIRECT call=41 phase=tlm_inverse_gcd_forward_compare n=33 k=33 split=0 ops_start=322872 ops_end=323340
TLM_COMPARE_DIRECT call=42 phase=tlm_apply_inverse_mod_sub_clean n=19 k=19 split=0 ops_start=335940 ops_end=336212
TLM_COMPARE_DIRECT call=43 phase=tlm_inverse_gcd_forward_compare n=33 k=33 split=0 ops_start=337215 ops_end=337683
TLM_COMPARE_DIRECT call=44 phase=tlm_apply_inverse_mod_sub_clean n=19 k=19 split=0 ops_start=350265 ops_end=350537
TLM_COMPARE_DIRECT call=45 phase=tlm_inverse_gcd_forward_compare n=32 k=32 split=0 ops_start=351700 ops_end=352154
TLM_COMPARE_DIRECT call=46 phase=tlm_apply_inverse_mod_sub_clean n=19 k=19 split=0 ops_start=364718 ops_end=364990
TLM_COMPARE_DIRECT call=47 phase=tlm_inverse_gcd_forward_compare n=34 k=34 split=0 ops_start=365985 ops_end=366467
TLM_COMPARE_DIRECT call=48 phase=tlm_apply_inverse_mod_sub_clean n=19 k=19 split=0 ops_start=379013 ops_end=379285
TLM_COMPARE_DIRECT call=49 phase=tlm_inverse_gcd_forward_compare n=34 k=34 split=0 ops_start=380276 ops_end=380758
TLM_COMPARE_DIRECT call=50 phase=tlm_apply_inverse_mod_sub_clean n=19 k=19 split=0 ops_start=393286 ops_end=393558
TLM_COMPARE_DIRECT call=51 phase=tlm_inverse_gcd_forward_compare n=33 k=33 split=0 ops_start=394709 ops_end=395177
TLM_COMPARE_DIRECT call=52 phase=tlm_apply_inverse_mod_sub_clean n=19 k=19 split=0 ops_start=407687 ops_end=407959
TLM_COMPARE_DIRECT call=53 phase=tlm_inverse_gcd_forward_compare n=33 k=33 split=0 ops_start=408942 ops_end=409410
TLM_COMPARE_DIRECT call=54 phase=tlm_apply_inverse_mod_sub_clean n=19 k=19 split=0 ops_start=421902 ops_end=422174
TLM_COMPARE_DIRECT call=55 phase=tlm_inverse_gcd_forward_compare n=34 k=34 split=0 ops_start=423153 ops_end=423635
TLM_COMPARE_DIRECT call=56 phase=tlm_apply_inverse_mod_sub_clean n=19 k=19 split=0 ops_start=436109 ops_end=436381
TLM_COMPARE_DIRECT call=57 phase=tlm_inverse_gcd_forward_compare n=33 k=33 split=0 ops_start=437520 ops_end=437988
TLM_COMPARE_DIRECT call=58 phase=tlm_apply_inverse_mod_sub_clean n=19 k=19 split=0 ops_start=450444 ops_end=450716
TLM_COMPARE_DIRECT call=59 phase=tlm_inverse_gcd_forward_compare n=33 k=33 split=0 ops_start=451687 ops_end=452155
TLM_COMPARE_DIRECT call=60 phase=tlm_apply_inverse_mod_sub_clean n=19 k=19 split=0 ops_start=464593 ops_end=464865
TLM_COMPARE_DIRECT call=61 phase=tlm_inverse_gcd_forward_compare n=35 k=35 split=0 ops_start=465832 ops_end=466328
TLM_COMPARE_DIRECT call=62 phase=tlm_apply_inverse_mod_sub_clean n=19 k=19 split=0 ops_start=478748 ops_end=479020
TLM_COMPARE_DIRECT call=63 phase=tlm_inverse_gcd_forward_compare n=33 k=33 split=0 ops_start=480147 ops_end=480615
TLM_COMPARE_DIRECT call=64 phase=tlm_apply_inverse_mod_sub_clean n=19 k=19 split=0 ops_start=493017 ops_end=493289
TLM_COMPARE_DIRECT call=65 phase=tlm_inverse_gcd_forward_compare n=34 k=34 split=0 ops_start=494248 ops_end=494730
TLM_COMPARE_DIRECT call=66 phase=tlm_apply_inverse_mod_sub_clean n=19 k=19 split=0 ops_start=507114 ops_end=507386
TLM_COMPARE_DIRECT call=67 phase=tlm_inverse_gcd_forward_compare n=34 k=34 split=0 ops_start=508341 ops_end=508823
TLM_COMPARE_DIRECT call=68 phase=tlm_apply_inverse_mod_sub_clean n=19 k=19 split=0 ops_start=521189 ops_end=521461
TLM_COMPARE_DIRECT call=69 phase=tlm_inverse_gcd_forward_compare n=34 k=34 split=0 ops_start=522576 ops_end=523058
TLM_COMPARE_DIRECT call=70 phase=tlm_apply_inverse_mod_sub_clean n=19 k=19 split=0 ops_start=535406 ops_end=535678
TLM_COMPARE_DIRECT call=71 phase=tlm_inverse_gcd_forward_compare n=34 k=34 split=0 ops_start=536625 ops_end=537107
TLM_COMPARE_DIRECT call=72 phase=tlm_apply_inverse_mod_sub_clean n=19 k=19 split=0 ops_start=549437 ops_end=549709
TLM_COMPARE_DIRECT call=73 phase=tlm_inverse_gcd_forward_compare n=35 k=35 split=0 ops_start=550652 ops_end=551148
TLM_COMPARE_DIRECT call=74 phase=tlm_apply_inverse_mod_sub_clean n=19 k=19 split=0 ops_start=563460 ops_end=563732
TLM_COMPARE_DIRECT call=75 phase=tlm_inverse_gcd_forward_compare n=34 k=34 split=0 ops_start=564835 ops_end=565317
TLM_COMPARE_DIRECT call=76 phase=tlm_apply_inverse_mod_sub_clean n=19 k=19 split=0 ops_start=577611 ops_end=577883
TLM_COMPARE_DIRECT call=77 phase=tlm_inverse_gcd_forward_compare n=35 k=35 split=0 ops_start=578818 ops_end=579314
TLM_COMPARE_DIRECT call=78 phase=tlm_apply_inverse_mod_sub_clean n=19 k=19 split=0 ops_start=591590 ops_end=591862
TLM_COMPARE_DIRECT call=79 phase=tlm_inverse_gcd_forward_compare n=35 k=35 split=0 ops_start=592793 ops_end=593289
TLM_COMPARE_DIRECT call=80 phase=tlm_apply_inverse_mod_sub_clean n=19 k=19 split=0 ops_start=605547 ops_end=605819
TLM_COMPARE_DIRECT call=81 phase=tlm_inverse_gcd_forward_compare n=35 k=35 split=0 ops_start=606910 ops_end=607406
TLM_COMPARE_DIRECT call=82 phase=tlm_apply_inverse_mod_sub_clean n=19 k=19 split=0 ops_start=619646 ops_end=619918
TLM_COMPARE_DIRECT call=83 phase=tlm_inverse_gcd_forward_compare n=34 k=34 split=0 ops_start=620841 ops_end=621323
TLM_COMPARE_DIRECT call=84 phase=tlm_apply_inverse_mod_sub_clean n=19 k=19 split=0 ops_start=633545 ops_end=633817
TLM_COMPARE_DIRECT call=85 phase=tlm_inverse_gcd_forward_compare n=35 k=35 split=0 ops_start=634736 ops_end=635232
TLM_COMPARE_DIRECT call=86 phase=tlm_apply_inverse_mod_sub_clean n=19 k=19 split=0 ops_start=647436 ops_end=647708
TLM_COMPARE_DIRECT call=87 phase=tlm_inverse_gcd_forward_compare n=35 k=35 split=0 ops_start=648787 ops_end=649283
TLM_COMPARE_DIRECT call=88 phase=tlm_apply_inverse_mod_sub_clean n=19 k=19 split=0 ops_start=661469 ops_end=661741
TLM_COMPARE_DIRECT call=89 phase=tlm_inverse_gcd_forward_compare n=35 k=35 split=0 ops_start=662652 ops_end=663148
TLM_COMPARE_DIRECT call=90 phase=tlm_apply_inverse_mod_sub_clean n=19 k=19 split=0 ops_start=675316 ops_end=675588
TLM_COMPARE_DIRECT call=91 phase=tlm_inverse_gcd_forward_compare n=35 k=35 split=0 ops_start=676495 ops_end=676991
TLM_COMPARE_DIRECT call=92 phase=tlm_apply_inverse_mod_sub_clean n=19 k=19 split=0 ops_start=689141 ops_end=689413
TLM_COMPARE_DIRECT call=93 phase=tlm_inverse_gcd_forward_compare n=36 k=36 split=0 ops_start=690480 ops_end=690990
TLM_COMPARE_DIRECT call=94 phase=tlm_apply_inverse_mod_sub_clean n=19 k=19 split=0 ops_start=703122 ops_end=703394
TLM_COMPARE_DIRECT call=95 phase=tlm_inverse_gcd_forward_compare n=35 k=35 split=0 ops_start=704293 ops_end=704789
TLM_COMPARE_DIRECT call=96 phase=tlm_apply_inverse_mod_sub_clean n=19 k=19 split=0 ops_start=716903 ops_end=717175
TLM_COMPARE_DIRECT call=97 phase=tlm_inverse_gcd_forward_compare n=36 k=36 split=0 ops_start=718070 ops_end=718580
TLM_COMPARE_DIRECT call=98 phase=tlm_apply_inverse_mod_sub_clean n=19 k=19 split=0 ops_start=730676 ops_end=730948
TLM_COMPARE_DIRECT call=99 phase=tlm_inverse_gcd_forward_compare n=35 k=35 split=0 ops_start=732003 ops_end=732499
TLM_COMPARE_DIRECT call=100 phase=tlm_apply_inverse_mod_sub_clean n=19 k=19 split=0 ops_start=744577 ops_end=744849
TLM_COMPARE_DIRECT call=101 phase=tlm_inverse_gcd_forward_compare n=36 k=36 split=0 ops_start=745736 ops_end=746246
TLM_COMPARE_DIRECT call=102 phase=tlm_apply_inverse_mod_sub_clean n=19 k=19 split=0 ops_start=758306 ops_end=758578
TLM_COMPARE_DIRECT call=103 phase=tlm_inverse_gcd_forward_compare n=36 k=36 split=0 ops_start=759461 ops_end=759971
TLM_COMPARE_DIRECT call=104 phase=tlm_apply_inverse_mod_sub_clean n=19 k=19 split=0 ops_start=772013 ops_end=772285
TLM_COMPARE_DIRECT call=105 phase=tlm_inverse_gcd_forward_compare n=36 k=36 split=0 ops_start=773328 ops_end=773838
TLM_COMPARE_DIRECT call=106 phase=tlm_apply_inverse_mod_sub_clean n=19 k=19 split=0 ops_start=785862 ops_end=786134
TLM_COMPARE_DIRECT call=107 phase=tlm_inverse_gcd_forward_compare n=36 k=36 split=0 ops_start=787009 ops_end=787519
TLM_COMPARE_DIRECT call=108 phase=tlm_apply_inverse_mod_sub_clean n=19 k=19 split=0 ops_start=799525 ops_end=799797
TLM_COMPARE_DIRECT call=109 phase=tlm_inverse_gcd_forward_compare n=36 k=36 split=0 ops_start=800668 ops_end=801178
TLM_COMPARE_DIRECT call=110 phase=tlm_apply_inverse_mod_sub_clean n=19 k=19 split=0 ops_start=813166 ops_end=813438
TLM_COMPARE_DIRECT call=111 phase=tlm_inverse_gcd_forward_compare n=36 k=36 split=0 ops_start=814469 ops_end=814979
TLM_COMPARE_DIRECT call=112 phase=tlm_apply_inverse_mod_sub_clean n=19 k=19 split=0 ops_start=826949 ops_end=827221
TLM_COMPARE_DIRECT call=113 phase=tlm_inverse_gcd_forward_compare n=37 k=37 split=0 ops_start=828084 ops_end=828608
TLM_COMPARE_DIRECT call=114 phase=tlm_apply_inverse_mod_sub_clean n=19 k=19 split=0 ops_start=840560 ops_end=840832
TLM_COMPARE_DIRECT call=115 phase=tlm_inverse_gcd_forward_compare n=37 k=37 split=0 ops_start=841691 ops_end=842215
TLM_COMPARE_DIRECT call=116 phase=tlm_apply_inverse_mod_sub_clean n=19 k=19 split=0 ops_start=854149 ops_end=854421
TLM_COMPARE_DIRECT call=117 phase=tlm_inverse_gcd_forward_compare n=37 k=37 split=0 ops_start=855440 ops_end=855964
TLM_COMPARE_DIRECT call=118 phase=tlm_apply_inverse_mod_sub_clean n=19 k=19 split=0 ops_start=867880 ops_end=868152
TLM_COMPARE_DIRECT call=119 phase=tlm_inverse_gcd_forward_compare n=37 k=37 split=0 ops_start=869003 ops_end=869527
TLM_COMPARE_DIRECT call=120 phase=tlm_apply_inverse_mod_sub_clean n=19 k=19 split=0 ops_start=881425 ops_end=881697
TLM_COMPARE_DIRECT call=121 phase=tlm_inverse_gcd_forward_compare n=37 k=37 split=0 ops_start=882544 ops_end=883068
TLM_COMPARE_DIRECT call=122 phase=tlm_apply_inverse_mod_sub_clean n=19 k=19 split=0 ops_start=895261 ops_end=895533
TLM_COMPARE_DIRECT call=123 phase=tlm_inverse_gcd_forward_compare n=37 k=37 split=0 ops_start=896540 ops_end=897064
TLM_COMPARE_DIRECT call=124 phase=tlm_apply_inverse_mod_sub_clean n=19 k=19 split=0 ops_start=908926 ops_end=909198
TLM_COMPARE_DIRECT call=125 phase=tlm_inverse_gcd_forward_compare n=37 k=37 split=0 ops_start=910037 ops_end=910561
TLM_COMPARE_DIRECT call=126 phase=tlm_apply_inverse_mod_sub_clean n=19 k=19 split=0 ops_start=922718 ops_end=922990
TLM_COMPARE_DIRECT call=127 phase=tlm_inverse_gcd_forward_compare n=37 k=37 split=0 ops_start=923825 ops_end=924349
TLM_COMPARE_DIRECT call=128 phase=tlm_apply_inverse_mod_sub_clean n=19 k=19 split=0 ops_start=936488 ops_end=936760
TLM_COMPARE_DIRECT call=129 phase=tlm_inverse_gcd_forward_compare n=37 k=37 split=0 ops_start=937755 ops_end=938279
TLM_COMPARE_DIRECT call=130 phase=tlm_apply_inverse_mod_sub_clean n=19 k=19 split=0 ops_start=950400 ops_end=950672
TLM_COMPARE_DIRECT call=131 phase=tlm_inverse_gcd_forward_compare n=37 k=37 split=0 ops_start=951499 ops_end=952023
TLM_COMPARE_DIRECT call=132 phase=tlm_apply_inverse_mod_sub_clean n=19 k=19 split=0 ops_start=964126 ops_end=964398
TLM_COMPARE_DIRECT call=133 phase=tlm_inverse_gcd_forward_compare n=37 k=37 split=0 ops_start=965221 ops_end=965745
TLM_COMPARE_DIRECT call=134 phase=tlm_apply_inverse_mod_sub_clean n=19 k=19 split=0 ops_start=977830 ops_end=978102
TLM_COMPARE_DIRECT call=135 phase=tlm_inverse_gcd_forward_compare n=37 k=37 split=0 ops_start=979085 ops_end=979609
TLM_COMPARE_DIRECT call=136 phase=tlm_apply_inverse_mod_sub_clean n=19 k=19 split=0 ops_start=991676 ops_end=991948
TLM_COMPARE_DIRECT call=137 phase=tlm_inverse_gcd_forward_compare n=38 k=38 split=0 ops_start=992763 ops_end=993301
TLM_COMPARE_DIRECT call=138 phase=tlm_apply_inverse_mod_sub_clean n=19 k=19 split=0 ops_start=1005350 ops_end=1005622
TLM_COMPARE_DIRECT call=139 phase=tlm_inverse_gcd_forward_compare n=38 k=38 split=0 ops_start=1006433 ops_end=1006971
TLM_COMPARE_DIRECT call=140 phase=tlm_apply_inverse_mod_sub_clean n=19 k=19 split=0 ops_start=1019002 ops_end=1019274
TLM_COMPARE_DIRECT call=141 phase=tlm_inverse_gcd_forward_compare n=38 k=38 split=0 ops_start=1020245 ops_end=1020783
TLM_COMPARE_DIRECT call=142 phase=tlm_apply_inverse_mod_sub_clean n=19 k=19 split=0 ops_start=1032796 ops_end=1033068
TLM_COMPARE_DIRECT call=143 phase=tlm_inverse_gcd_forward_compare n=38 k=38 split=0 ops_start=1033871 ops_end=1034409
TLM_COMPARE_DIRECT call=144 phase=tlm_apply_inverse_mod_sub_clean n=19 k=19 split=0 ops_start=1046404 ops_end=1046676
TLM_COMPARE_DIRECT call=145 phase=tlm_inverse_gcd_forward_compare n=38 k=38 split=0 ops_start=1047475 ops_end=1048013
TLM_COMPARE_DIRECT call=146 phase=tlm_apply_inverse_mod_sub_clean n=19 k=19 split=0 ops_start=1059990 ops_end=1060262
TLM_COMPARE_DIRECT call=147 phase=tlm_inverse_gcd_forward_compare n=38 k=38 split=0 ops_start=1061221 ops_end=1061759
TLM_COMPARE_DIRECT call=148 phase=tlm_apply_inverse_mod_sub_clean n=19 k=19 split=0 ops_start=1073718 ops_end=1073990
TLM_COMPARE_DIRECT call=149 phase=tlm_inverse_gcd_forward_compare n=39 k=39 split=0 ops_start=1074781 ops_end=1075333
TLM_COMPARE_DIRECT call=150 phase=tlm_apply_inverse_mod_sub_clean n=19 k=19 split=0 ops_start=1087274 ops_end=1087546
TLM_COMPARE_DIRECT call=151 phase=tlm_inverse_gcd_forward_compare n=39 k=39 split=0 ops_start=1088333 ops_end=1088885
TLM_COMPARE_DIRECT call=152 phase=tlm_apply_inverse_mod_sub_clean n=19 k=19 split=0 ops_start=1100808 ops_end=1101080
TLM_COMPARE_DIRECT call=153 phase=tlm_inverse_gcd_forward_compare n=40 k=40 split=0 ops_start=1102027 ops_end=1102593
TLM_COMPARE_DIRECT call=154 phase=tlm_apply_inverse_mod_sub_clean n=19 k=19 split=0 ops_start=1114498 ops_end=1114770
TLM_COMPARE_DIRECT call=155 phase=tlm_inverse_gcd_forward_compare n=39 k=39 split=0 ops_start=1115549 ops_end=1116101
TLM_COMPARE_DIRECT call=156 phase=tlm_apply_inverse_mod_sub_clean n=19 k=19 split=0 ops_start=1127988 ops_end=1128260
TLM_COMPARE_DIRECT call=157 phase=tlm_inverse_gcd_forward_compare n=38 k=38 split=0 ops_start=1129035 ops_end=1129573
TLM_COMPARE_DIRECT call=158 phase=tlm_apply_inverse_mod_sub_clean n=19 k=19 split=0 ops_start=1141442 ops_end=1141714
TLM_COMPARE_DIRECT call=159 phase=tlm_inverse_gcd_forward_compare n=39 k=39 split=0 ops_start=1142649 ops_end=1143201
TLM_COMPARE_DIRECT call=160 phase=tlm_apply_inverse_mod_sub_clean n=19 k=19 split=0 ops_start=1155052 ops_end=1155324
TLM_COMPARE_DIRECT call=161 phase=tlm_inverse_gcd_forward_compare n=39 k=39 split=0 ops_start=1156091 ops_end=1156643
TLM_COMPARE_DIRECT call=162 phase=tlm_apply_inverse_mod_sub_clean n=19 k=19 split=0 ops_start=1168476 ops_end=1168748
TLM_COMPARE_DIRECT call=163 phase=tlm_inverse_gcd_forward_compare n=40 k=40 split=0 ops_start=1169511 ops_end=1170077
TLM_COMPARE_DIRECT call=164 phase=tlm_apply_inverse_mod_sub_clean n=19 k=19 split=0 ops_start=1181892 ops_end=1182164
TLM_COMPARE_DIRECT call=165 phase=tlm_inverse_gcd_forward_compare n=40 k=40 split=0 ops_start=1183087 ops_end=1183653
TLM_COMPARE_DIRECT call=166 phase=tlm_apply_inverse_mod_sub_clean n=19 k=19 split=0 ops_start=1195450 ops_end=1195722
TLM_COMPARE_DIRECT call=167 phase=tlm_inverse_gcd_forward_compare n=41 k=41 split=0 ops_start=1196477 ops_end=1197057
TLM_COMPARE_DIRECT call=168 phase=tlm_apply_inverse_mod_sub_clean n=19 k=19 split=0 ops_start=1208836 ops_end=1209108
TLM_COMPARE_DIRECT call=169 phase=tlm_inverse_gcd_forward_compare n=39 k=39 split=0 ops_start=1209859 ops_end=1210411
TLM_COMPARE_DIRECT call=170 phase=tlm_apply_inverse_mod_sub_clean n=19 k=19 split=0 ops_start=1222172 ops_end=1222444
TLM_COMPARE_DIRECT call=171 phase=tlm_inverse_gcd_forward_compare n=39 k=39 split=0 ops_start=1223355 ops_end=1223907
TLM_COMPARE_DIRECT call=172 phase=tlm_apply_inverse_mod_sub_clean n=19 k=19 split=0 ops_start=1235650 ops_end=1235922
TLM_COMPARE_DIRECT call=173 phase=tlm_inverse_gcd_forward_compare n=40 k=40 split=0 ops_start=1236665 ops_end=1237231
TLM_COMPARE_DIRECT call=174 phase=tlm_apply_inverse_mod_sub_clean n=19 k=19 split=0 ops_start=1248956 ops_end=1249228
TLM_COMPARE_DIRECT call=175 phase=tlm_inverse_gcd_forward_compare n=40 k=40 split=0 ops_start=1249967 ops_end=1250533
TLM_COMPARE_DIRECT call=176 phase=tlm_apply_inverse_mod_sub_clean n=19 k=19 split=0 ops_start=1262240 ops_end=1262512
TLM_COMPARE_DIRECT call=177 phase=tlm_inverse_gcd_forward_compare n=40 k=40 split=0 ops_start=1263411 ops_end=1263977
TLM_COMPARE_DIRECT call=178 phase=tlm_apply_inverse_mod_sub_clean n=19 k=19 split=0 ops_start=1275666 ops_end=1275938
TLM_COMPARE_DIRECT call=179 phase=tlm_inverse_gcd_forward_compare n=40 k=40 split=0 ops_start=1276669 ops_end=1277235
TLM_COMPARE_DIRECT call=180 phase=tlm_apply_inverse_mod_sub_clean n=19 k=19 split=0 ops_start=1288906 ops_end=1289178
TLM_COMPARE_DIRECT call=181 phase=tlm_inverse_gcd_forward_compare n=40 k=40 split=0 ops_start=1289905 ops_end=1290471
TLM_COMPARE_DIRECT call=182 phase=tlm_apply_inverse_mod_sub_clean n=19 k=19 split=0 ops_start=1302124 ops_end=1302396
TLM_COMPARE_DIRECT call=183 phase=tlm_inverse_gcd_forward_compare n=40 k=40 split=0 ops_start=1303283 ops_end=1303849
TLM_COMPARE_DIRECT call=184 phase=tlm_apply_inverse_mod_sub_clean n=19 k=19 split=0 ops_start=1315484 ops_end=1315756
TLM_COMPARE_DIRECT call=185 phase=tlm_inverse_gcd_forward_compare n=41 k=41 split=0 ops_start=1316475 ops_end=1317055
TLM_COMPARE_DIRECT call=186 phase=tlm_apply_inverse_mod_sub_clean n=19 k=19 split=0 ops_start=1328672 ops_end=1328944
TLM_COMPARE_DIRECT call=187 phase=tlm_inverse_gcd_forward_compare n=40 k=40 split=0 ops_start=1329659 ops_end=1330225
TLM_COMPARE_DIRECT call=188 phase=tlm_apply_inverse_mod_sub_clean n=19 k=19 split=0 ops_start=1341824 ops_end=1342096
TLM_COMPARE_DIRECT call=189 phase=tlm_inverse_gcd_forward_compare n=42 k=42 split=0 ops_start=1342973 ops_end=1343567
TLM_COMPARE_DIRECT call=190 phase=tlm_apply_inverse_mod_sub_clean n=19 k=19 split=0 ops_start=1355166 ops_end=1355438
TLM_COMPARE_DIRECT call=191 phase=tlm_inverse_gcd_forward_compare n=41 k=41 split=0 ops_start=1356149 ops_end=1356729
TLM_COMPARE_DIRECT call=192 phase=tlm_apply_inverse_mod_sub_clean n=19 k=19 split=0 ops_start=1368310 ops_end=1368582
TLM_COMPARE_DIRECT call=193 phase=tlm_inverse_gcd_forward_compare n=40 k=40 split=0 ops_start=1369287 ops_end=1369853
TLM_COMPARE_DIRECT call=194 phase=tlm_apply_inverse_mod_sub_clean n=19 k=19 split=0 ops_start=1381398 ops_end=1381670
TLM_COMPARE_DIRECT call=195 phase=tlm_inverse_gcd_forward_compare n=40 k=40 split=0 ops_start=1382533 ops_end=1383099
TLM_COMPARE_DIRECT call=196 phase=tlm_apply_inverse_mod_sub_clean n=19 k=19 split=0 ops_start=1394626 ops_end=1394898
TLM_COMPARE_DIRECT call=197 phase=tlm_inverse_gcd_forward_compare n=42 k=42 split=0 ops_start=1395593 ops_end=1396187
TLM_COMPARE_DIRECT call=198 phase=tlm_apply_inverse_mod_sub_clean n=19 k=19 split=0 ops_start=1407696 ops_end=1407968
TLM_COMPARE_DIRECT call=199 phase=tlm_inverse_gcd_forward_compare n=41 k=41 split=0 ops_start=1408659 ops_end=1409239
TLM_COMPARE_DIRECT call=200 phase=tlm_apply_inverse_mod_sub_clean n=19 k=19 split=0 ops_start=1420730 ops_end=1421002
TLM_COMPARE_DIRECT call=201 phase=tlm_inverse_gcd_forward_compare n=41 k=41 split=0 ops_start=1421853 ops_end=1422433
TLM_COMPARE_DIRECT call=202 phase=tlm_apply_inverse_mod_sub_clean n=19 k=19 split=0 ops_start=1433906 ops_end=1434178
TLM_COMPARE_DIRECT call=203 phase=tlm_inverse_gcd_forward_compare n=40 k=40 split=0 ops_start=1434859 ops_end=1435425
TLM_COMPARE_DIRECT call=204 phase=tlm_apply_inverse_mod_sub_clean n=19 k=19 split=0 ops_start=1446862 ops_end=1447134
TLM_COMPARE_DIRECT call=205 phase=tlm_inverse_gcd_forward_compare n=40 k=40 split=0 ops_start=1447807 ops_end=1448373
TLM_COMPARE_DIRECT call=206 phase=tlm_apply_inverse_mod_sub_clean n=19 k=19 split=0 ops_start=1459774 ops_end=1460046
TLM_COMPARE_DIRECT call=207 phase=tlm_inverse_gcd_forward_compare n=41 k=41 split=0 ops_start=1460879 ops_end=1461459
TLM_COMPARE_DIRECT call=208 phase=tlm_apply_inverse_mod_sub_clean n=19 k=19 split=0 ops_start=1472860 ops_end=1473132
TLM_COMPARE_DIRECT call=209 phase=tlm_inverse_gcd_forward_compare n=40 k=40 split=0 ops_start=1473799 ops_end=1474365
TLM_COMPARE_DIRECT call=210 phase=tlm_apply_inverse_mod_sub_clean n=19 k=19 split=0 ops_start=1485748 ops_end=1486020
TLM_COMPARE_DIRECT call=211 phase=tlm_inverse_gcd_forward_compare n=41 k=41 split=0 ops_start=1486683 ops_end=1487263
TLM_COMPARE_DIRECT call=212 phase=tlm_apply_inverse_mod_sub_clean n=19 k=19 split=0 ops_start=1498628 ops_end=1498900
TLM_COMPARE_DIRECT call=213 phase=tlm_inverse_gcd_forward_compare n=40 k=40 split=0 ops_start=1499721 ops_end=1500287
TLM_COMPARE_DIRECT call=214 phase=tlm_apply_inverse_mod_sub_clean n=19 k=19 split=0 ops_start=1511616 ops_end=1511888
TLM_COMPARE_DIRECT call=215 phase=tlm_inverse_gcd_forward_compare n=41 k=41 split=0 ops_start=1512541 ops_end=1513121
TLM_COMPARE_DIRECT call=216 phase=tlm_apply_inverse_mod_sub_clean n=19 k=19 split=0 ops_start=1524450 ops_end=1524722
TLM_COMPARE_DIRECT call=217 phase=tlm_inverse_gcd_forward_compare n=41 k=41 split=0 ops_start=1525373 ops_end=1525953
TLM_COMPARE_DIRECT call=218 phase=tlm_apply_inverse_mod_sub_clean n=19 k=19 split=0 ops_start=1537264 ops_end=1537536
TLM_COMPARE_DIRECT call=219 phase=tlm_inverse_gcd_forward_compare n=40 k=40 split=0 ops_start=1538345 ops_end=1538911
TLM_COMPARE_DIRECT call=220 phase=tlm_apply_inverse_mod_sub_clean n=19 k=19 split=0 ops_start=1550186 ops_end=1550458
TLM_COMPARE_DIRECT call=221 phase=tlm_inverse_gcd_forward_compare n=42 k=42 split=0 ops_start=1551099 ops_end=1551693
TLM_COMPARE_DIRECT call=222 phase=tlm_apply_inverse_mod_sub_clean n=19 k=19 split=0 ops_start=1562968 ops_end=1563240
TLM_COMPARE_DIRECT call=223 phase=tlm_inverse_gcd_forward_compare n=41 k=41 split=0 ops_start=1563879 ops_end=1564459
TLM_COMPARE_DIRECT call=224 phase=tlm_apply_inverse_mod_sub_clean n=19 k=19 split=0 ops_start=1575716 ops_end=1575988
TLM_COMPARE_DIRECT call=225 phase=tlm_inverse_gcd_forward_compare n=42 k=42 split=0 ops_start=1576787 ops_end=1577381
TLM_COMPARE_DIRECT call=226 phase=tlm_apply_inverse_mod_sub_clean n=19 k=19 split=0 ops_start=1588620 ops_end=1588892
TLM_COMPARE_DIRECT call=227 phase=tlm_inverse_gcd_forward_compare n=42 k=42 split=0 ops_start=1589523 ops_end=1590117
TLM_COMPARE_DIRECT call=228 phase=tlm_apply_inverse_mod_sub_clean n=19 k=19 split=0 ops_start=1601338 ops_end=1601610
TLM_COMPARE_DIRECT call=229 phase=tlm_inverse_gcd_forward_compare n=42 k=42 split=0 ops_start=1602237 ops_end=1602831
TLM_COMPARE_DIRECT call=230 phase=tlm_apply_inverse_mod_sub_clean n=19 k=19 split=0 ops_start=1614034 ops_end=1614306
TLM_COMPARE_DIRECT call=231 phase=tlm_inverse_gcd_forward_compare n=42 k=42 split=0 ops_start=1615093 ops_end=1615687
TLM_COMPARE_DIRECT call=232 phase=tlm_apply_inverse_mod_sub_clean n=19 k=19 split=0 ops_start=1626872 ops_end=1627144
TLM_COMPARE_DIRECT call=233 phase=tlm_inverse_gcd_forward_compare n=42 k=42 split=0 ops_start=1627763 ops_end=1628357
TLM_COMPARE_DIRECT call=234 phase=tlm_apply_inverse_mod_sub_clean n=19 k=19 split=0 ops_start=1639524 ops_end=1639796
TLM_COMPARE_DIRECT call=235 phase=tlm_inverse_gcd_forward_compare n=41 k=41 split=0 ops_start=1640409 ops_end=1640989
TLM_COMPARE_DIRECT call=236 phase=tlm_apply_inverse_mod_sub_clean n=19 k=19 split=0 ops_start=1652120 ops_end=1652392
TLM_COMPARE_DIRECT call=237 phase=tlm_inverse_gcd_forward_compare n=41 k=41 split=0 ops_start=1653163 ops_end=1653743
TLM_COMPARE_DIRECT call=238 phase=tlm_apply_inverse_mod_sub_clean n=19 k=19 split=0 ops_start=1664856 ops_end=1665128
TLM_COMPARE_DIRECT call=239 phase=tlm_inverse_gcd_forward_compare n=42 k=42 split=0 ops_start=1665731 ops_end=1666325
TLM_COMPARE_DIRECT call=240 phase=tlm_apply_inverse_mod_sub_clean n=19 k=19 split=0 ops_start=1677420 ops_end=1677692
TLM_COMPARE_DIRECT call=241 phase=tlm_inverse_gcd_forward_compare n=41 k=41 split=0 ops_start=1678291 ops_end=1678871
TLM_COMPARE_DIRECT call=242 phase=tlm_apply_inverse_mod_sub_clean n=19 k=19 split=0 ops_start=1689948 ops_end=1690220
TLM_COMPARE_DIRECT call=243 phase=tlm_inverse_gcd_forward_compare n=42 k=42 split=0 ops_start=1690979 ops_end=1691573
TLM_COMPARE_DIRECT call=244 phase=tlm_apply_inverse_mod_sub_clean n=19 k=19 split=0 ops_start=1702632 ops_end=1702904
TLM_COMPARE_DIRECT call=245 phase=tlm_inverse_gcd_forward_compare n=43 k=43 split=0 ops_start=1703497 ops_end=1704105
TLM_COMPARE_DIRECT call=246 phase=tlm_apply_inverse_mod_sub_clean n=19 k=19 split=0 ops_start=1715164 ops_end=1715436
TLM_COMPARE_DIRECT call=247 phase=tlm_inverse_gcd_forward_compare n=42 k=42 split=0 ops_start=1716027 ops_end=1716621
TLM_COMPARE_DIRECT call=248 phase=tlm_apply_inverse_mod_sub_clean n=19 k=19 split=0 ops_start=1727662 ops_end=1727934
TLM_COMPARE_DIRECT call=249 phase=tlm_inverse_gcd_forward_compare n=42 k=42 split=0 ops_start=1728685 ops_end=1729279
TLM_COMPARE_DIRECT call=250 phase=tlm_apply_inverse_mod_sub_clean n=19 k=19 split=0 ops_start=1740302 ops_end=1740574
TLM_COMPARE_DIRECT call=251 phase=tlm_inverse_gcd_forward_compare n=42 k=42 split=0 ops_start=1741155 ops_end=1741749
TLM_COMPARE_DIRECT call=252 phase=tlm_apply_inverse_mod_sub_clean n=19 k=19 split=0 ops_start=1752736 ops_end=1753008
TLM_COMPARE_DIRECT call=253 phase=tlm_inverse_gcd_forward_compare n=42 k=42 split=0 ops_start=1753585 ops_end=1754179
TLM_COMPARE_DIRECT call=254 phase=tlm_apply_inverse_mod_sub_clean n=19 k=19 split=0 ops_start=1765166 ops_end=1765438
TLM_COMPARE_DIRECT call=255 phase=tlm_inverse_gcd_forward_compare n=42 k=42 split=0 ops_start=1766177 ops_end=1766771
TLM_COMPARE_DIRECT call=256 phase=tlm_apply_inverse_mod_sub_clean n=19 k=19 split=0 ops_start=1777740 ops_end=1778012
TLM_COMPARE_DIRECT call=257 phase=tlm_inverse_gcd_forward_compare n=42 k=42 split=0 ops_start=1778583 ops_end=1779177
TLM_COMPARE_DIRECT call=258 phase=tlm_apply_inverse_mod_sub_clean n=19 k=19 split=0 ops_start=1790128 ops_end=1790400
TLM_COMPARE_DIRECT call=259 phase=tlm_inverse_gcd_forward_compare n=42 k=42 split=0 ops_start=1790967 ops_end=1791561
TLM_COMPARE_DIRECT call=260 phase=tlm_apply_inverse_mod_sub_clean n=19 k=19 split=0 ops_start=1802807 ops_end=1803079
TLM_COMPARE_DIRECT call=261 phase=tlm_inverse_gcd_forward_compare n=43 k=43 split=0 ops_start=1803806 ops_end=1804414
TLM_COMPARE_DIRECT call=262 phase=tlm_apply_inverse_mod_sub_clean n=19 k=19 split=0 ops_start=1815329 ops_end=1815601
TLM_COMPARE_DIRECT call=263 phase=tlm_inverse_gcd_forward_compare n=43 k=43 split=0 ops_start=1816160 ops_end=1816768
TLM_COMPARE_DIRECT call=264 phase=tlm_apply_inverse_mod_sub_clean n=19 k=19 split=0 ops_start=1827978 ops_end=1828250
TLM_COMPARE_DIRECT call=265 phase=tlm_inverse_gcd_forward_compare n=43 k=43 split=0 ops_start=1828805 ops_end=1829413
TLM_COMPARE_DIRECT call=266 phase=tlm_apply_inverse_mod_sub_clean n=19 k=19 split=0 ops_start=1840605 ops_end=1840877
TLM_COMPARE_DIRECT call=267 phase=tlm_inverse_gcd_forward_compare n=43 k=43 split=0 ops_start=1841592 ops_end=1842200
TLM_COMPARE_DIRECT call=268 phase=tlm_apply_inverse_mod_sub_clean n=19 k=19 split=0 ops_start=1853374 ops_end=1853646
TLM_COMPARE_DIRECT call=269 phase=tlm_inverse_gcd_forward_compare n=42 k=42 split=0 ops_start=1854193 ops_end=1854787
TLM_COMPARE_DIRECT call=270 phase=tlm_apply_inverse_mod_sub_clean n=19 k=19 split=0 ops_start=1865943 ops_end=1866215
TLM_COMPARE_DIRECT call=271 phase=tlm_inverse_gcd_forward_compare n=43 k=43 split=0 ops_start=1866756 ops_end=1867364
TLM_COMPARE_DIRECT call=272 phase=tlm_apply_inverse_mod_sub_clean n=19 k=19 split=0 ops_start=1878484 ops_end=1878756
TLM_COMPARE_DIRECT call=273 phase=tlm_inverse_gcd_forward_compare n=43 k=43 split=0 ops_start=1879455 ops_end=1880063
TLM_COMPARE_DIRECT call=274 phase=tlm_apply_inverse_mod_sub_clean n=19 k=19 split=0 ops_start=1890567 ops_end=1890839
TLM_COMPARE_DIRECT call=275 phase=tlm_inverse_gcd_forward_compare n=42 k=42 split=0 ops_start=1891370 ops_end=1891964
TLM_COMPARE_DIRECT call=276 phase=tlm_apply_inverse_mod_sub_clean n=19 k=19 split=0 ops_start=1903048 ops_end=1903320
TLM_COMPARE_DIRECT call=277 phase=tlm_inverse_gcd_forward_compare n=42 k=42 split=0 ops_start=1903847 ops_end=1904441
TLM_COMPARE_DIRECT call=278 phase=tlm_apply_inverse_mod_sub_clean n=19 k=19 split=0 ops_start=1915507 ops_end=1915779
TLM_COMPARE_DIRECT call=279 phase=tlm_inverse_gcd_forward_compare n=43 k=43 split=0 ops_start=1916466 ops_end=1917074
TLM_COMPARE_DIRECT call=280 phase=tlm_apply_inverse_mod_sub_clean n=19 k=19 split=0 ops_start=1927837 ops_end=1928109
TLM_COMPARE_DIRECT call=281 phase=tlm_inverse_gcd_forward_compare n=42 k=42 split=0 ops_start=1928628 ops_end=1929222
TLM_COMPARE_DIRECT call=282 phase=tlm_apply_inverse_mod_sub_clean n=19 k=19 split=0 ops_start=1939967 ops_end=1940239
TLM_COMPARE_DIRECT call=283 phase=tlm_inverse_gcd_forward_compare n=44 k=44 split=0 ops_start=1940756 ops_end=1941378
TLM_COMPARE_DIRECT call=284 phase=tlm_apply_inverse_mod_sub_clean n=19 k=19 split=0 ops_start=1952408 ops_end=1952680
TLM_COMPARE_DIRECT call=285 phase=tlm_inverse_gcd_forward_compare n=43 k=43 split=0 ops_start=1953359 ops_end=1953967
TLM_COMPARE_DIRECT call=286 phase=tlm_apply_inverse_mod_sub_clean n=19 k=19 split=0 ops_start=1964979 ops_end=1965251
TLM_COMPARE_DIRECT call=287 phase=tlm_inverse_gcd_forward_compare n=44 k=44 split=0 ops_start=1965762 ops_end=1966384
TLM_COMPARE_DIRECT call=288 phase=tlm_apply_inverse_mod_sub_clean n=19 k=19 split=0 ops_start=1977378 ops_end=1977650
TLM_COMPARE_DIRECT call=289 phase=tlm_inverse_gcd_forward_compare n=43 k=43 split=0 ops_start=1978155 ops_end=1978763
TLM_COMPARE_DIRECT call=290 phase=tlm_apply_inverse_mod_sub_clean n=19 k=19 split=0 ops_start=1989436 ops_end=1989708
TLM_COMPARE_DIRECT call=291 phase=tlm_inverse_gcd_forward_compare n=44 k=44 split=0 ops_start=1990373 ops_end=1990995
TLM_COMPARE_DIRECT call=292 phase=tlm_apply_inverse_mod_sub_clean n=19 k=19 split=0 ops_start=2001953 ops_end=2002225
TLM_COMPARE_DIRECT call=293 phase=tlm_inverse_gcd_forward_compare n=43 k=43 split=0 ops_start=2002722 ops_end=2003330
TLM_COMPARE_DIRECT call=294 phase=tlm_apply_inverse_mod_sub_clean n=19 k=19 split=0 ops_start=2013967 ops_end=2014239
TLM_COMPARE_DIRECT call=295 phase=tlm_inverse_gcd_forward_compare n=43 k=43 split=0 ops_start=2014730 ops_end=2015338
TLM_COMPARE_DIRECT call=296 phase=tlm_apply_inverse_mod_sub_clean n=19 k=19 split=0 ops_start=2025957 ops_end=2026229
TLM_COMPARE_DIRECT call=297 phase=tlm_inverse_gcd_forward_compare n=44 k=44 split=0 ops_start=2026880 ops_end=2027502
TLM_COMPARE_DIRECT call=298 phase=tlm_apply_inverse_mod_sub_clean n=19 k=19 split=0 ops_start=2038103 ops_end=2038375
TLM_COMPARE_DIRECT call=299 phase=tlm_inverse_gcd_forward_compare n=43 k=43 split=0 ops_start=2038858 ops_end=2039466
TLM_COMPARE_DIRECT call=300 phase=tlm_apply_inverse_mod_sub_clean n=19 k=19 split=0 ops_start=2050049 ops_end=2050321
TLM_COMPARE_DIRECT call=301 phase=tlm_inverse_gcd_forward_compare n=44 k=44 split=0 ops_start=2050800 ops_end=2051422
TLM_COMPARE_DIRECT call=302 phase=tlm_apply_inverse_mod_sub_clean n=19 k=19 split=0 ops_start=2061987 ops_end=2062259
TLM_COMPARE_DIRECT call=303 phase=tlm_inverse_gcd_forward_compare n=44 k=44 split=0 ops_start=2062898 ops_end=2063520
TLM_COMPARE_DIRECT call=304 phase=tlm_apply_inverse_mod_sub_clean n=19 k=19 split=0 ops_start=2074067 ops_end=2074339
TLM_COMPARE_DIRECT call=305 phase=tlm_inverse_gcd_forward_compare n=43 k=43 split=0 ops_start=2074810 ops_end=2075418
TLM_COMPARE_DIRECT call=306 phase=tlm_apply_inverse_mod_sub_clean n=19 k=19 split=0 ops_start=2085947 ops_end=2086219
TLM_COMPARE_DIRECT call=307 phase=tlm_inverse_gcd_forward_compare n=44 k=44 split=0 ops_start=2086686 ops_end=2087308
TLM_COMPARE_DIRECT call=308 phase=tlm_apply_inverse_mod_sub_clean n=19 k=19 split=0 ops_start=2097819 ops_end=2098091
TLM_COMPARE_DIRECT call=309 phase=tlm_inverse_gcd_forward_compare n=44 k=44 split=0 ops_start=2098718 ops_end=2099340
TLM_COMPARE_DIRECT call=310 phase=tlm_apply_inverse_mod_sub_clean n=19 k=19 split=0 ops_start=2109833 ops_end=2110105
TLM_COMPARE_DIRECT call=311 phase=tlm_inverse_gcd_forward_compare n=44 k=44 split=0 ops_start=2110564 ops_end=2111186
TLM_COMPARE_DIRECT call=312 phase=tlm_apply_inverse_mod_sub_clean n=19 k=19 split=0 ops_start=2121661 ops_end=2121933
TLM_COMPARE_DIRECT call=313 phase=tlm_inverse_gcd_forward_compare n=44 k=44 split=0 ops_start=2122388 ops_end=2123010
TLM_COMPARE_DIRECT call=314 phase=tlm_apply_inverse_mod_sub_clean n=19 k=19 split=0 ops_start=2133467 ops_end=2133739
TLM_COMPARE_DIRECT call=315 phase=tlm_inverse_gcd_forward_compare n=44 k=44 split=0 ops_start=2134354 ops_end=2134976
TLM_COMPARE_DIRECT call=316 phase=tlm_apply_inverse_mod_sub_clean n=19 k=19 split=0 ops_start=2145415 ops_end=2145687
TLM_COMPARE_DIRECT call=317 phase=tlm_inverse_gcd_forward_compare n=45 k=45 split=0 ops_start=2146134 ops_end=2146770
TLM_COMPARE_DIRECT call=318 phase=tlm_apply_inverse_mod_sub_clean n=19 k=19 split=0 ops_start=2157191 ops_end=2157463
TLM_COMPARE_DIRECT call=319 phase=tlm_inverse_gcd_forward_compare n=45 k=45 split=0 ops_start=2157906 ops_end=2158542
TLM_COMPARE_DIRECT call=320 phase=tlm_apply_inverse_mod_sub_clean n=19 k=19 split=0 ops_start=2168945 ops_end=2169217
TLM_COMPARE_DIRECT call=321 phase=tlm_inverse_gcd_forward_compare n=44 k=44 split=0 ops_start=2169820 ops_end=2170442
TLM_COMPARE_DIRECT call=322 phase=tlm_apply_inverse_mod_sub_clean n=19 k=19 split=0 ops_start=2180827 ops_end=2181099
TLM_COMPARE_DIRECT call=323 phase=tlm_inverse_gcd_forward_compare n=46 k=46 split=0 ops_start=2181534 ops_end=2182184
TLM_COMPARE_DIRECT call=324 phase=tlm_apply_inverse_mod_sub_clean n=19 k=19 split=0 ops_start=2192551 ops_end=2192823
TLM_COMPARE_DIRECT call=325 phase=tlm_inverse_gcd_forward_compare n=45 k=45 split=0 ops_start=2193254 ops_end=2193890
TLM_COMPARE_DIRECT call=326 phase=tlm_apply_inverse_mod_sub_clean n=19 k=19 split=0 ops_start=2204239 ops_end=2204511
TLM_COMPARE_DIRECT call=327 phase=tlm_inverse_gcd_forward_compare n=45 k=45 split=0 ops_start=2205102 ops_end=2205738
TLM_COMPARE_DIRECT call=328 phase=tlm_apply_inverse_mod_sub_clean n=19 k=19 split=0 ops_start=2216069 ops_end=2216341
TLM_COMPARE_DIRECT call=329 phase=tlm_inverse_gcd_forward_compare n=45 k=45 split=0 ops_start=2216764 ops_end=2217400
TLM_COMPARE_DIRECT call=330 phase=tlm_apply_inverse_mod_sub_clean n=19 k=19 split=0 ops_start=2227713 ops_end=2227985
TLM_COMPARE_DIRECT call=331 phase=tlm_inverse_gcd_forward_compare n=45 k=45 split=0 ops_start=2228404 ops_end=2229040
TLM_COMPARE_DIRECT call=332 phase=tlm_apply_inverse_mod_sub_clean n=19 k=19 split=0 ops_start=2239335 ops_end=2239607
TLM_COMPARE_DIRECT call=333 phase=tlm_inverse_gcd_forward_compare n=45 k=45 split=0 ops_start=2240186 ops_end=2240822
TLM_COMPARE_DIRECT call=334 phase=tlm_apply_inverse_mod_sub_clean n=19 k=19 split=0 ops_start=2251099 ops_end=2251371
TLM_COMPARE_DIRECT call=335 phase=tlm_inverse_gcd_forward_compare n=46 k=46 split=0 ops_start=2251782 ops_end=2252432
TLM_COMPARE_DIRECT call=336 phase=tlm_apply_inverse_mod_sub_clean n=19 k=19 split=0 ops_start=2262691 ops_end=2262963
TLM_COMPARE_DIRECT call=337 phase=tlm_inverse_gcd_forward_compare n=45 k=45 split=0 ops_start=2263370 ops_end=2264006
TLM_COMPARE_DIRECT call=338 phase=tlm_apply_inverse_mod_sub_clean n=19 k=19 split=0 ops_start=2274552 ops_end=2274824
TLM_COMPARE_DIRECT call=339 phase=tlm_inverse_gcd_forward_compare n=45 k=45 split=0 ops_start=2275391 ops_end=2276027
TLM_COMPARE_DIRECT call=340 phase=tlm_apply_inverse_mod_sub_clean n=19 k=19 split=0 ops_start=2286250 ops_end=2286522
TLM_COMPARE_DIRECT call=341 phase=tlm_inverse_gcd_forward_compare n=46 k=46 split=0 ops_start=2286921 ops_end=2287571
TLM_COMPARE_DIRECT call=342 phase=tlm_apply_inverse_mod_sub_clean n=19 k=19 split=0 ops_start=2298081 ops_end=2298353
TLM_COMPARE_DIRECT call=343 phase=tlm_inverse_gcd_forward_compare n=46 k=46 split=0 ops_start=2298748 ops_end=2299398
TLM_COMPARE_DIRECT call=344 phase=tlm_apply_inverse_mod_sub_clean n=19 k=19 split=0 ops_start=2309890 ops_end=2310162
TLM_COMPARE_DIRECT call=345 phase=tlm_inverse_gcd_forward_compare n=46 k=46 split=0 ops_start=2310717 ops_end=2311367
TLM_COMPARE_DIRECT call=346 phase=tlm_apply_inverse_mod_sub_clean n=19 k=19 split=0 ops_start=2321841 ops_end=2322113
TLM_COMPARE_DIRECT call=347 phase=tlm_inverse_gcd_forward_compare n=47 k=47 split=0 ops_start=2322500 ops_end=2323164
TLM_COMPARE_DIRECT call=348 phase=tlm_apply_inverse_mod_sub_clean n=19 k=19 split=0 ops_start=2333620 ops_end=2333892
TLM_COMPARE_DIRECT call=349 phase=tlm_inverse_gcd_forward_compare n=46 k=46 split=0 ops_start=2334275 ops_end=2334925
TLM_COMPARE_DIRECT call=350 phase=tlm_apply_inverse_mod_sub_clean n=19 k=19 split=0 ops_start=2345365 ops_end=2345637
TLM_COMPARE_DIRECT call=351 phase=tlm_inverse_gcd_forward_compare n=46 k=46 split=0 ops_start=2346180 ops_end=2346830
TLM_COMPARE_DIRECT call=352 phase=tlm_apply_inverse_mod_sub_clean n=19 k=19 split=0 ops_start=2357250 ops_end=2357522
TLM_COMPARE_DIRECT call=353 phase=tlm_inverse_gcd_forward_compare n=47 k=47 split=0 ops_start=2357897 ops_end=2358561
TLM_COMPARE_DIRECT call=354 phase=tlm_apply_inverse_mod_sub_clean n=19 k=19 split=0 ops_start=2368965 ops_end=2369237
TLM_COMPARE_DIRECT call=355 phase=tlm_inverse_gcd_forward_compare n=46 k=46 split=0 ops_start=2369608 ops_end=2370258
TLM_COMPARE_DIRECT call=356 phase=tlm_apply_inverse_mod_sub_clean n=19 k=19 split=0 ops_start=2380640 ops_end=2380912
TLM_COMPARE_DIRECT call=357 phase=tlm_inverse_gcd_forward_compare n=46 k=46 split=0 ops_start=2381443 ops_end=2382093
TLM_COMPARE_DIRECT call=358 phase=tlm_apply_inverse_mod_sub_clean n=19 k=19 split=0 ops_start=2392461 ops_end=2392733
TLM_COMPARE_DIRECT call=359 phase=tlm_inverse_gcd_forward_compare n=47 k=47 split=0 ops_start=2393096 ops_end=2393760
TLM_COMPARE_DIRECT call=360 phase=tlm_apply_inverse_mod_sub_clean n=19 k=19 split=0 ops_start=2404106 ops_end=2404378
TLM_COMPARE_DIRECT call=361 phase=tlm_inverse_gcd_forward_compare n=47 k=47 split=0 ops_start=2404737 ops_end=2405401
TLM_COMPARE_DIRECT call=362 phase=tlm_apply_inverse_mod_sub_clean n=19 k=19 split=0 ops_start=2415728 ops_end=2416000
TLM_COMPARE_DIRECT call=363 phase=tlm_inverse_gcd_forward_compare n=47 k=47 split=0 ops_start=2416519 ops_end=2417183
TLM_COMPARE_DIRECT call=364 phase=tlm_apply_inverse_mod_sub_clean n=19 k=19 split=0 ops_start=2427493 ops_end=2427765
TLM_COMPARE_DIRECT call=365 phase=tlm_inverse_gcd_forward_compare n=47 k=47 split=0 ops_start=2428116 ops_end=2428780
TLM_COMPARE_DIRECT call=366 phase=tlm_apply_inverse_mod_sub_clean n=19 k=19 split=0 ops_start=2439071 ops_end=2439343
TLM_COMPARE_DIRECT call=367 phase=tlm_inverse_gcd_forward_compare n=47 k=47 split=0 ops_start=2439690 ops_end=2440354
TLM_COMPARE_DIRECT call=368 phase=tlm_apply_inverse_mod_sub_clean n=19 k=19 split=0 ops_start=2450617 ops_end=2450889
TLM_COMPARE_DIRECT call=369 phase=tlm_inverse_gcd_forward_compare n=47 k=47 split=0 ops_start=2451396 ops_end=2452060
TLM_COMPARE_DIRECT call=370 phase=tlm_apply_inverse_mod_sub_clean n=19 k=19 split=0 ops_start=2462315 ops_end=2462587
TLM_COMPARE_DIRECT call=371 phase=tlm_inverse_gcd_forward_compare n=47 k=47 split=0 ops_start=2462926 ops_end=2463590
TLM_COMPARE_DIRECT call=372 phase=tlm_apply_inverse_mod_sub_clean n=19 k=19 split=0 ops_start=2473817 ops_end=2474089
TLM_COMPARE_DIRECT call=373 phase=tlm_inverse_gcd_forward_compare n=48 k=47 split=1 ops_start=2474424 ops_end=2475096
TLM_COMPARE_DIRECT call=374 phase=tlm_apply_inverse_mod_sub_clean n=19 k=19 split=0 ops_start=2485327 ops_end=2485599
TLM_COMPARE_DIRECT call=375 phase=tlm_inverse_gcd_forward_compare n=49 k=48 split=1 ops_start=2486094 ops_end=2486780
TLM_COMPARE_DIRECT call=376 phase=tlm_apply_inverse_mod_sub_clean n=19 k=19 split=0 ops_start=2496971 ops_end=2497243
TLM_COMPARE_DIRECT call=377 phase=tlm_inverse_gcd_forward_compare n=48 k=47 split=1 ops_start=2497570 ops_end=2498242
TLM_COMPARE_DIRECT call=378 phase=tlm_apply_inverse_mod_sub_clean n=19 k=19 split=0 ops_start=2508437 ops_end=2508709
TLM_COMPARE_DIRECT call=379 phase=tlm_inverse_gcd_forward_compare n=48 k=46 split=2 ops_start=2509032 ops_end=2509698
TLM_COMPARE_DIRECT call=380 phase=tlm_apply_inverse_mod_sub_clean n=19 k=19 split=0 ops_start=2519887 ops_end=2520159
TLM_COMPARE_DIRECT call=381 phase=tlm_inverse_gcd_forward_compare n=48 k=47 split=1 ops_start=2520642 ops_end=2521314
TLM_COMPARE_DIRECT call=382 phase=tlm_apply_inverse_mod_sub_clean n=19 k=19 split=0 ops_start=2531508 ops_end=2531780
TLM_COMPARE_DIRECT call=383 phase=tlm_inverse_gcd_forward_compare n=48 k=46 split=2 ops_start=2532095 ops_end=2532761
TLM_COMPARE_DIRECT call=384 phase=tlm_apply_inverse_mod_sub_clean n=19 k=19 split=0 ops_start=2542949 ops_end=2543221
TLM_COMPARE_DIRECT call=385 phase=tlm_inverse_gcd_forward_compare n=48 k=45 split=3 ops_start=2543532 ops_end=2544192
TLM_COMPARE_DIRECT call=386 phase=tlm_apply_inverse_mod_sub_clean n=19 k=19 split=0 ops_start=2554675 ops_end=2554947
TLM_COMPARE_DIRECT call=387 phase=tlm_inverse_gcd_forward_compare n=48 k=46 split=2 ops_start=2555418 ops_end=2556084
TLM_COMPARE_DIRECT call=388 phase=tlm_apply_inverse_mod_sub_clean n=19 k=19 split=0 ops_start=2566236 ops_end=2566508
TLM_COMPARE_DIRECT call=389 phase=tlm_inverse_gcd_forward_compare n=49 k=45 split=4 ops_start=2566811 ops_end=2567479
TLM_COMPARE_DIRECT call=390 phase=tlm_apply_inverse_mod_sub_clean n=19 k=19 split=0 ops_start=2577926 ops_end=2578198
TLM_COMPARE_DIRECT call=391 phase=tlm_inverse_gcd_forward_compare n=48 k=44 split=4 ops_start=2578497 ops_end=2579151
TLM_COMPARE_DIRECT call=392 phase=tlm_apply_inverse_mod_sub_clean n=19 k=19 split=0 ops_start=2590346 ops_end=2590618
TLM_COMPARE_DIRECT call=393 phase=tlm_inverse_gcd_forward_compare n=48 k=45 split=3 ops_start=2591077 ops_end=2591737
TLM_COMPARE_DIRECT call=394 phase=tlm_apply_inverse_mod_sub_clean n=19 k=19 split=0 ops_start=2602120 ops_end=2602392
TLM_COMPARE_DIRECT call=395 phase=tlm_inverse_gcd_forward_compare n=48 k=44 split=4 ops_start=2602683 ops_end=2603337
TLM_COMPARE_DIRECT call=396 phase=tlm_apply_inverse_mod_sub_clean n=19 k=19 split=0 ops_start=2614468 ops_end=2614740
TLM_COMPARE_DIRECT call=397 phase=tlm_inverse_gcd_forward_compare n=50 k=43 split=7 ops_start=2615027 ops_end=2615691
TLM_COMPARE_DIRECT call=398 phase=tlm_apply_inverse_mod_sub_clean n=19 k=19 split=0 ops_start=2626824 ops_end=2627096
TLM_COMPARE_DIRECT call=399 phase=tlm_inverse_gcd_forward_compare n=49 k=44 split=5 ops_start=2627543 ops_end=2628205
TLM_COMPARE_DIRECT call=400 phase=tlm_apply_inverse_mod_sub_clean n=19 k=19 split=0 ops_start=2639272 ops_end=2639544
TLM_COMPARE_DIRECT call=401 phase=tlm_inverse_gcd_forward_compare n=51 k=43 split=8 ops_start=2639823 ops_end=2640495
TLM_COMPARE_DIRECT call=402 phase=tlm_apply_inverse_mod_sub_clean n=19 k=19 split=0 ops_start=2651564 ops_end=2651836
TLM_COMPARE_DIRECT call=403 phase=tlm_inverse_gcd_forward_compare n=51 k=42 split=9 ops_start=2652111 ops_end=2652777
TLM_COMPARE_DIRECT call=404 phase=tlm_apply_inverse_mod_sub_clean n=19 k=19 split=0 ops_start=2663844 ops_end=2664116
TLM_COMPARE_DIRECT call=405 phase=tlm_inverse_gcd_forward_compare n=50 k=43 split=7 ops_start=2664551 ops_end=2665215
TLM_COMPARE_DIRECT call=406 phase=tlm_apply_inverse_mod_sub_clean n=19 k=19 split=0 ops_start=2676220 ops_end=2676492
TLM_COMPARE_DIRECT call=407 phase=tlm_inverse_gcd_forward_compare n=52 k=42 split=10 ops_start=2676759 ops_end=2677433
TLM_COMPARE_DIRECT call=408 phase=tlm_apply_inverse_mod_sub_clean n=19 k=19 split=0 ops_start=2688436 ops_end=2688708
TLM_COMPARE_DIRECT call=409 phase=tlm_inverse_gcd_forward_compare n=51 k=41 split=10 ops_start=2688971 ops_end=2689631
TLM_COMPARE_DIRECT call=410 phase=tlm_apply_inverse_mod_sub_clean n=19 k=19 split=0 ops_start=2700636 ops_end=2700908
TLM_COMPARE_DIRECT call=411 phase=tlm_inverse_gcd_forward_compare n=52 k=42 split=10 ops_start=2701331 ops_end=2702005
TLM_COMPARE_DIRECT call=412 phase=tlm_apply_inverse_mod_sub_clean n=19 k=19 split=0 ops_start=2712944 ops_end=2713216
TLM_COMPARE_DIRECT call=413 phase=tlm_inverse_gcd_forward_compare n=52 k=41 split=11 ops_start=2713471 ops_end=2714139
TLM_COMPARE_DIRECT call=414 phase=tlm_apply_inverse_mod_sub_clean n=19 k=19 split=0 ops_start=2725080 ops_end=2725352
TLM_COMPARE_DIRECT call=415 phase=tlm_inverse_gcd_forward_compare n=52 k=40 split=12 ops_start=2725603 ops_end=2726265
TLM_COMPARE_DIRECT call=416 phase=tlm_apply_inverse_mod_sub_clean n=19 k=19 split=0 ops_start=2737501 ops_end=2737773
TLM_COMPARE_DIRECT call=417 phase=tlm_inverse_gcd_forward_compare n=52 k=41 split=11 ops_start=2738184 ops_end=2738852
TLM_COMPARE_DIRECT call=418 phase=tlm_apply_inverse_mod_sub_clean n=19 k=19 split=0 ops_start=2749729 ops_end=2750001
TLM_COMPARE_DIRECT call=419 phase=tlm_inverse_gcd_forward_compare n=52 k=40 split=12 ops_start=2750244 ops_end=2750906
TLM_COMPARE_DIRECT call=420 phase=tlm_apply_inverse_mod_sub_clean n=19 k=19 split=0 ops_start=2762078 ops_end=2762350
TLM_COMPARE_DIRECT call=421 phase=tlm_inverse_gcd_forward_compare n=52 k=39 split=13 ops_start=2762589 ops_end=2763245
TLM_COMPARE_DIRECT call=422 phase=tlm_apply_inverse_mod_sub_clean n=19 k=19 split=0 ops_start=2774419 ops_end=2774691
TLM_COMPARE_DIRECT call=423 phase=tlm_inverse_gcd_forward_compare n=51 k=40 split=11 ops_start=2775090 ops_end=2775744
TLM_COMPARE_DIRECT call=424 phase=tlm_apply_inverse_mod_sub_clean n=19 k=19 split=0 ops_start=2786852 ops_end=2787124
TLM_COMPARE_DIRECT call=425 phase=tlm_inverse_gcd_forward_compare n=50 k=39 split=11 ops_start=2787355 ops_end=2787995
TLM_COMPARE_DIRECT call=426 phase=tlm_apply_inverse_mod_sub_clean n=19 k=19 split=0 ops_start=2799105 ops_end=2799377
TLM_COMPARE_DIRECT call=427 phase=tlm_inverse_gcd_forward_compare n=49 k=38 split=11 ops_start=2799604 ops_end=2800230
TLM_COMPARE_DIRECT call=428 phase=tlm_apply_inverse_mod_sub_clean n=19 k=19 split=0 ops_start=2811328 ops_end=2811600
TLM_COMPARE_DIRECT call=429 phase=tlm_inverse_gcd_forward_compare n=48 k=39 split=9 ops_start=2811987 ops_end=2812611
TLM_COMPARE_DIRECT call=430 phase=tlm_apply_inverse_mod_sub_clean n=19 k=19 split=0 ops_start=2823657 ops_end=2823929
TLM_COMPARE_DIRECT call=431 phase=tlm_inverse_gcd_forward_compare n=47 k=38 split=9 ops_start=2824148 ops_end=2824758
TLM_COMPARE_DIRECT call=432 phase=tlm_apply_inverse_mod_sub_clean n=19 k=19 split=0 ops_start=2835792 ops_end=2836064
TLM_COMPARE_DIRECT call=433 phase=tlm_inverse_gcd_forward_compare n=46 k=37 split=9 ops_start=2836279 ops_end=2836875
TLM_COMPARE_DIRECT call=434 phase=tlm_apply_inverse_mod_sub_clean n=19 k=19 split=0 ops_start=2847897 ops_end=2848169
TLM_COMPARE_DIRECT call=435 phase=tlm_inverse_gcd_forward_compare n=45 k=38 split=7 ops_start=2848544 ops_end=2849138
TLM_COMPARE_DIRECT call=436 phase=tlm_apply_inverse_mod_sub_clean n=19 k=19 split=0 ops_start=2860108 ops_end=2860380
TLM_COMPARE_DIRECT call=437 phase=tlm_inverse_gcd_forward_compare n=44 k=37 split=7 ops_start=2860587 ops_end=2861167
TLM_COMPARE_DIRECT call=438 phase=tlm_apply_inverse_mod_sub_clean n=19 k=19 split=0 ops_start=2872125 ops_end=2872397
TLM_COMPARE_DIRECT call=439 phase=tlm_inverse_gcd_forward_compare n=44 k=36 split=8 ops_start=2872600 ops_end=2873174
TLM_COMPARE_DIRECT call=440 phase=tlm_apply_inverse_mod_sub_clean n=19 k=19 split=0 ops_start=2884415 ops_end=2884687
TLM_COMPARE_DIRECT call=441 phase=tlm_inverse_gcd_forward_compare n=43 k=37 split=6 ops_start=2885050 ops_end=2885622
TLM_COMPARE_DIRECT call=442 phase=tlm_apply_inverse_mod_sub_clean n=19 k=19 split=0 ops_start=2896516 ops_end=2896788
TLM_COMPARE_DIRECT call=443 phase=tlm_inverse_gcd_forward_compare n=42 k=36 split=6 ops_start=2896983 ops_end=2897541
TLM_COMPARE_DIRECT call=444 phase=tlm_apply_inverse_mod_sub_clean n=19 k=19 split=0 ops_start=2908718 ops_end=2908990
TLM_COMPARE_DIRECT call=445 phase=tlm_inverse_gcd_forward_compare n=41 k=35 split=6 ops_start=2909181 ops_end=2909725
TLM_COMPARE_DIRECT call=446 phase=tlm_apply_inverse_mod_sub_clean n=19 k=19 split=0 ops_start=2920926 ops_end=2921198
TLM_COMPARE_DIRECT call=447 phase=tlm_inverse_gcd_forward_compare n=40 k=36 split=4 ops_start=2921549 ops_end=2922091
TLM_COMPARE_DIRECT call=448 phase=tlm_apply_inverse_mod_sub_clean n=19 k=19 split=0 ops_start=2933204 ops_end=2933476
TLM_COMPARE_DIRECT call=449 phase=tlm_inverse_gcd_forward_compare n=39 k=35 split=4 ops_start=2933659 ops_end=2934187
TLM_COMPARE_DIRECT call=450 phase=tlm_apply_inverse_mod_sub_clean n=19 k=19 split=0 ops_start=2945318 ops_end=2945590
TLM_COMPARE_DIRECT call=451 phase=tlm_inverse_gcd_forward_compare n=38 k=34 split=4 ops_start=2945769 ops_end=2946283
TLM_COMPARE_DIRECT call=452 phase=tlm_apply_inverse_mod_sub_clean n=19 k=19 split=0 ops_start=2957694 ops_end=2957966
TLM_COMPARE_DIRECT call=453 phase=tlm_inverse_gcd_forward_compare n=37 k=35 split=2 ops_start=2958305 ops_end=2958817
TLM_COMPARE_DIRECT call=454 phase=tlm_apply_inverse_mod_sub_clean n=19 k=19 split=0 ops_start=2969879 ops_end=2970151
TLM_COMPARE_DIRECT call=455 phase=tlm_inverse_gcd_forward_compare n=36 k=34 split=2 ops_start=2970322 ops_end=2970820
TLM_COMPARE_DIRECT call=456 phase=tlm_apply_inverse_mod_sub_clean n=19 k=19 split=0 ops_start=2982162 ops_end=2982434
TLM_COMPARE_DIRECT call=457 phase=tlm_inverse_gcd_forward_compare n=35 k=33 split=2 ops_start=2982601 ops_end=2983085
TLM_COMPARE_DIRECT call=458 phase=tlm_apply_inverse_mod_sub_clean n=19 k=19 split=0 ops_start=2994429 ops_end=2994701
TLM_COMPARE_DIRECT call=459 phase=tlm_inverse_gcd_forward_compare n=34 k=34 split=0 ops_start=2995028 ops_end=2995510
TLM_COMPARE_DIRECT call=460 phase=tlm_apply_inverse_mod_sub_clean n=19 k=19 split=0 ops_start=3006816 ops_end=3007088
TLM_COMPARE_DIRECT call=461 phase=tlm_inverse_gcd_forward_compare n=33 k=33 split=0 ops_start=3007247 ops_end=3007715
TLM_COMPARE_DIRECT call=462 phase=tlm_apply_inverse_mod_sub_clean n=19 k=19 split=0 ops_start=3019023 ops_end=3019295
TLM_COMPARE_DIRECT call=463 phase=tlm_inverse_gcd_forward_compare n=32 k=32 split=0 ops_start=3019450 ops_end=3019904
TLM_COMPARE_DIRECT call=464 phase=tlm_apply_inverse_mod_sub_clean n=19 k=19 split=0 ops_start=3031449 ops_end=3031721
TLM_COMPARE_DIRECT call=465 phase=tlm_inverse_gcd_forward_compare n=31 k=31 split=0 ops_start=3032036 ops_end=3032476
TLM_COMPARE_DIRECT call=466 phase=tlm_apply_inverse_mod_sub_clean n=19 k=19 split=0 ops_start=3043748 ops_end=3044020
TLM_COMPARE_DIRECT call=467 phase=tlm_inverse_gcd_forward_compare n=30 k=30 split=0 ops_start=3044167 ops_end=3044593
TLM_COMPARE_DIRECT call=468 phase=tlm_apply_inverse_mod_sub_clean n=19 k=19 split=0 ops_start=3056102 ops_end=3056374
TLM_COMPARE_DIRECT call=469 phase=tlm_inverse_gcd_forward_compare n=29 k=29 split=0 ops_start=3056517 ops_end=3056929
TLM_COMPARE_DIRECT call=470 phase=tlm_apply_inverse_mod_sub_clean n=19 k=19 split=0 ops_start=3068706 ops_end=3068978
TLM_COMPARE_DIRECT call=471 phase=tlm_inverse_gcd_forward_compare n=28 k=28 split=0 ops_start=3069281 ops_end=3069679
TLM_COMPARE_DIRECT call=472 phase=tlm_apply_inverse_mod_sub_clean n=19 k=19 split=0 ops_start=3081152 ops_end=3081424
TLM_COMPARE_DIRECT call=473 phase=tlm_inverse_gcd_forward_compare n=27 k=27 split=0 ops_start=3081559 ops_end=3081943
TLM_COMPARE_DIRECT call=474 phase=tlm_apply_inverse_mod_sub_clean n=19 k=19 split=0 ops_start=3093684 ops_end=3093956
TLM_COMPARE_DIRECT call=475 phase=tlm_inverse_gcd_forward_compare n=26 k=26 split=0 ops_start=3094087 ops_end=3094457
TLM_COMPARE_DIRECT call=476 phase=tlm_apply_inverse_mod_sub_clean n=19 k=19 split=0 ops_start=3106210 ops_end=3106482
TLM_COMPARE_DIRECT call=477 phase=tlm_inverse_gcd_forward_compare n=24 k=24 split=0 ops_start=3106769 ops_end=3107111
TLM_COMPARE_DIRECT call=478 phase=tlm_apply_inverse_mod_sub_clean n=19 k=19 split=0 ops_start=3117921 ops_end=3118193
TLM_COMPARE_DIRECT call=479 phase=tlm_inverse_gcd_forward_compare n=23 k=23 split=0 ops_start=3118308 ops_end=3118636
TLM_COMPARE_DIRECT call=480 phase=tlm_apply_inverse_mod_sub_clean n=19 k=19 split=0 ops_start=3129726 ops_end=3129998
TLM_COMPARE_DIRECT call=481 phase=tlm_inverse_gcd_forward_compare n=22 k=22 split=0 ops_start=3130109 ops_end=3130423
TLM_COMPARE_DIRECT call=482 phase=tlm_apply_inverse_mod_sub_clean n=19 k=19 split=0 ops_start=3141535 ops_end=3141807
TLM_COMPARE_DIRECT call=483 phase=tlm_inverse_gcd_forward_compare n=21 k=21 split=0 ops_start=3142078 ops_end=3142378
TLM_COMPARE_DIRECT call=484 phase=tlm_apply_inverse_mod_sub_clean n=19 k=19 split=0 ops_start=3153432 ops_end=3153704
TLM_COMPARE_DIRECT call=485 phase=tlm_inverse_gcd_forward_compare n=20 k=20 split=0 ops_start=3153807 ops_end=3154093
TLM_COMPARE_DIRECT call=486 phase=tlm_apply_inverse_mod_sub_clean n=19 k=19 split=0 ops_start=3165169 ops_end=3165441
TLM_COMPARE_DIRECT call=487 phase=tlm_inverse_gcd_forward_compare n=19 k=19 split=0 ops_start=3165540 ops_end=3165812
TLM_COMPARE_DIRECT call=488 phase=tlm_apply_inverse_mod_sub_clean n=19 k=19 split=0 ops_start=3177115 ops_end=3177387
TLM_COMPARE_DIRECT call=489 phase=tlm_inverse_gcd_forward_compare n=19 k=19 split=0 ops_start=3177648 ops_end=3177920
TLM_COMPARE_DIRECT call=490 phase=tlm_apply_inverse_mod_sub_clean n=19 k=19 split=0 ops_start=3189497 ops_end=3189769
TLM_COMPARE_DIRECT call=491 phase=tlm_inverse_gcd_forward_compare n=18 k=18 split=0 ops_start=3189864 ops_end=3190122
TLM_COMPARE_DIRECT call=492 phase=tlm_apply_inverse_mod_sub_clean n=19 k=19 split=0 ops_start=3201713 ops_end=3201985
TLM_COMPARE_DIRECT call=493 phase=tlm_inverse_gcd_forward_compare n=18 k=18 split=0 ops_start=3202078 ops_end=3202336
TLM_COMPARE_DIRECT call=494 phase=tlm_apply_inverse_mod_sub_clean n=19 k=19 split=0 ops_start=3214044 ops_end=3214316
TLM_COMPARE_DIRECT call=495 phase=tlm_inverse_gcd_forward_compare n=17 k=17 split=0 ops_start=3214571 ops_end=3214815
TLM_COMPARE_DIRECT call=496 phase=tlm_apply_inverse_mod_sub_clean n=19 k=19 split=0 ops_start=3226422 ops_end=3226694
TLM_COMPARE_DIRECT call=497 phase=tlm_inverse_gcd_forward_compare n=16 k=16 split=0 ops_start=3226781 ops_end=3227011
TLM_COMPARE_DIRECT call=498 phase=tlm_apply_inverse_mod_sub_clean n=19 k=19 split=0 ops_start=3238683 ops_end=3238955
TLM_COMPARE_DIRECT call=499 phase=tlm_inverse_gcd_forward_compare n=15 k=15 split=0 ops_start=3239038 ops_end=3239254
TLM_COMPARE_DIRECT call=500 phase=tlm_apply_inverse_mod_sub_clean n=19 k=19 split=0 ops_start=3251007 ops_end=3251279
TLM_COMPARE_DIRECT call=501 phase=tlm_inverse_gcd_forward_compare n=15 k=15 split=0 ops_start=3251524 ops_end=3251740
TLM_COMPARE_DIRECT call=502 phase=tlm_apply_inverse_mod_sub_clean n=19 k=19 split=0 ops_start=3263568 ops_end=3263840
TLM_COMPARE_DIRECT call=503 phase=tlm_inverse_gcd_forward_compare n=14 k=14 split=0 ops_start=3263919 ops_end=3264121
TLM_COMPARE_DIRECT call=504 phase=tlm_apply_inverse_mod_sub_clean n=19 k=19 split=0 ops_start=3275986 ops_end=3276258
TLM_COMPARE_DIRECT call=505 phase=tlm_inverse_gcd_forward_compare n=14 k=14 split=0 ops_start=3276335 ops_end=3276537
TLM_COMPARE_DIRECT call=506 phase=tlm_apply_inverse_mod_sub_clean n=19 k=19 split=0 ops_start=3287744 ops_end=3288016
TLM_COMPARE_DIRECT call=507 phase=tlm_inverse_gcd_forward_compare n=14 k=14 split=0 ops_start=3288257 ops_end=3288459
TLM_COMPARE_DIRECT call=508 phase=tlm_apply_inverse_mod_sub_clean n=19 k=19 split=0 ops_start=3299252 ops_end=3299524
TLM_COMPARE_DIRECT call=509 phase=tlm_inverse_gcd_forward_compare n=12 k=12 split=0 ops_start=3299597 ops_end=3299771
TLM_COMPARE_DIRECT call=510 phase=tlm_apply_inverse_mod_sub_clean n=19 k=19 split=0 ops_start=3310942 ops_end=3311214
TLM_COMPARE_DIRECT call=511 phase=tlm_inverse_gcd_forward_compare n=12 k=12 split=0 ops_start=3311283 ops_end=3311457
TLM_COMPARE_DIRECT call=512 phase=tlm_apply_inverse_mod_sub_clean n=19 k=19 split=0 ops_start=3321476 ops_end=3321748
TLM_COMPARE_DIRECT call=513 phase=tlm_inverse_gcd_forward_compare n=10 k=10 split=0 ops_start=3321977 ops_end=3322123
TLM_COMPARE_DIRECT call=514 phase=tlm_apply_inverse_mod_sub_clean n=19 k=19 split=0 ops_start=3333258 ops_end=3333530
TLM_COMPARE_DIRECT call=515 phase=tlm_inverse_gcd_forward_compare n=9 k=9 split=0 ops_start=3333589 ops_end=3333721
TLM_COMPARE_DIRECT call=516 phase=tlm_apply_inverse_mod_sub_clean n=19 k=19 split=0 ops_start=3344504 ops_end=3344776
TLM_COMPARE_DIRECT call=517 phase=tlm_inverse_gcd_forward_compare n=9 k=9 split=0 ops_start=3344833 ops_end=3344965
TLM_COMPARE_DIRECT call=518 phase=tlm_apply_inverse_mod_sub_clean n=19 k=18 split=1 ops_start=3353932 ops_end=3354198
TLM_COMPARE_DIRECT call=519 phase=tlm_inverse_gcd_forward_compare n=9 k=9 split=0 ops_start=3354419 ops_end=3354551
TLM_COMPARE_DIRECT call=520 phase=tlm_apply_inverse_mod_sub_clean n=19 k=17 split=2 ops_start=3363040 ops_end=3363300
TLM_COMPARE_DIRECT call=521 phase=tlm_inverse_gcd_forward_compare n=9 k=9 split=0 ops_start=3363357 ops_end=3363489
TLM_COMPARE_DIRECT call=522 phase=tlm_inverse_gcd_reverse_body n=9 k=9 split=0 ops_start=3365492 ops_end=3365624
TLM_COMPARE_DIRECT call=523 phase=tlm_inverse_gcd_reverse_body n=9 k=9 split=0 ops_start=3365787 ops_end=3365919
TLM_COMPARE_DIRECT call=524 phase=tlm_inverse_gcd_reverse_body n=9 k=9 split=0 ops_start=3366241 ops_end=3366373
TLM_COMPARE_DIRECT call=525 phase=tlm_inverse_gcd_reverse_body n=9 k=9 split=0 ops_start=3366536 ops_end=3366668
TLM_COMPARE_DIRECT call=526 phase=tlm_inverse_gcd_reverse_body n=10 k=10 split=0 ops_start=3366847 ops_end=3366993
TLM_COMPARE_DIRECT call=527 phase=tlm_inverse_gcd_reverse_body n=12 k=12 split=0 ops_start=3367367 ops_end=3367541
TLM_COMPARE_DIRECT call=528 phase=tlm_inverse_gcd_reverse_body n=12 k=12 split=0 ops_start=3367764 ops_end=3367938
TLM_COMPARE_DIRECT call=529 phase=tlm_inverse_gcd_reverse_body n=14 k=14 split=0 ops_start=3368193 ops_end=3368395
TLM_COMPARE_DIRECT call=530 phase=tlm_inverse_gcd_reverse_body n=14 k=14 split=0 ops_start=3368817 ops_end=3369019
TLM_COMPARE_DIRECT call=531 phase=tlm_inverse_gcd_reverse_body n=14 k=14 split=0 ops_start=3369282 ops_end=3369484
TLM_COMPARE_DIRECT call=532 phase=tlm_inverse_gcd_reverse_body n=15 k=15 split=0 ops_start=3369763 ops_end=3369979
TLM_COMPARE_DIRECT call=533 phase=tlm_inverse_gcd_reverse_body n=15 k=15 split=0 ops_start=3370421 ops_end=3370637
TLM_COMPARE_DIRECT call=534 phase=tlm_inverse_gcd_reverse_body n=16 k=16 split=0 ops_start=3370936 ops_end=3371166
TLM_COMPARE_DIRECT call=535 phase=tlm_inverse_gcd_reverse_body n=17 k=17 split=0 ops_start=3371485 ops_end=3371729
TLM_COMPARE_DIRECT call=536 phase=tlm_inverse_gcd_reverse_body n=18 k=18 split=0 ops_start=3372227 ops_end=3372485
TLM_COMPARE_DIRECT call=537 phase=tlm_inverse_gcd_reverse_body n=18 k=18 split=0 ops_start=3372828 ops_end=3373086
TLM_COMPARE_DIRECT call=538 phase=tlm_inverse_gcd_reverse_body n=19 k=19 split=0 ops_start=3373445 ops_end=3373717
TLM_COMPARE_DIRECT call=539 phase=tlm_inverse_gcd_reverse_body n=19 k=19 split=0 ops_start=3374239 ops_end=3374511
TLM_COMPARE_DIRECT call=540 phase=tlm_inverse_gcd_reverse_body n=20 k=20 split=0 ops_start=3374890 ops_end=3375176
TLM_COMPARE_DIRECT call=541 phase=tlm_inverse_gcd_reverse_body n=21 k=21 split=0 ops_start=3375575 ops_end=3375875
TLM_COMPARE_DIRECT call=542 phase=tlm_inverse_gcd_reverse_body n=22 k=22 split=0 ops_start=3376453 ops_end=3376767
TLM_COMPARE_DIRECT call=543 phase=tlm_inverse_gcd_reverse_body n=23 k=23 split=0 ops_start=3377206 ops_end=3377534
TLM_COMPARE_DIRECT call=544 phase=tlm_inverse_gcd_reverse_body n=24 k=24 split=0 ops_start=3377993 ops_end=3378335
TLM_COMPARE_DIRECT call=545 phase=tlm_inverse_gcd_reverse_body n=26 k=26 split=0 ops_start=3379005 ops_end=3379375
TLM_COMPARE_DIRECT call=546 phase=tlm_inverse_gcd_reverse_body n=27 k=27 split=0 ops_start=3379914 ops_end=3380298
TLM_COMPARE_DIRECT call=547 phase=tlm_inverse_gcd_reverse_body n=28 k=28 split=0 ops_start=3380857 ops_end=3381255
TLM_COMPARE_DIRECT call=548 phase=tlm_inverse_gcd_reverse_body n=29 k=29 split=0 ops_start=3381993 ops_end=3382405
TLM_COMPARE_DIRECT call=549 phase=tlm_inverse_gcd_reverse_body n=30 k=30 split=0 ops_start=3383004 ops_end=3383430
TLM_COMPARE_DIRECT call=550 phase=tlm_inverse_gcd_reverse_body n=31 k=31 split=0 ops_start=3384049 ops_end=3384489
TLM_COMPARE_DIRECT call=551 phase=tlm_inverse_gcd_reverse_body n=32 k=32 split=0 ops_start=3385287 ops_end=3385741
TLM_COMPARE_DIRECT call=552 phase=tlm_inverse_gcd_reverse_body n=33 k=33 split=0 ops_start=3386400 ops_end=3386868
TLM_COMPARE_DIRECT call=553 phase=tlm_inverse_gcd_reverse_body n=34 k=34 split=0 ops_start=3387547 ops_end=3388029
TLM_COMPARE_DIRECT call=554 phase=tlm_inverse_gcd_reverse_body n=35 k=35 split=0 ops_start=3388887 ops_end=3389383
TLM_COMPARE_DIRECT call=555 phase=tlm_inverse_gcd_reverse_body n=36 k=36 split=0 ops_start=3390102 ops_end=3390612
TLM_COMPARE_DIRECT call=556 phase=tlm_inverse_gcd_reverse_body n=37 k=37 split=0 ops_start=3391351 ops_end=3391875
TLM_COMPARE_DIRECT call=557 phase=tlm_inverse_gcd_reverse_body n=38 k=38 split=0 ops_start=3392793 ops_end=3393331
TLM_COMPARE_DIRECT call=558 phase=tlm_inverse_gcd_reverse_body n=39 k=39 split=0 ops_start=3394110 ops_end=3394662
TLM_COMPARE_DIRECT call=559 phase=tlm_inverse_gcd_reverse_body n=40 k=40 split=0 ops_start=3395461 ops_end=3396027
TLM_COMPARE_DIRECT call=560 phase=tlm_inverse_gcd_reverse_body n=41 k=41 split=0 ops_start=3397005 ops_end=3397585
TLM_COMPARE_DIRECT call=561 phase=tlm_inverse_gcd_reverse_body n=42 k=42 split=0 ops_start=3398424 ops_end=3399018
TLM_COMPARE_DIRECT call=562 phase=tlm_inverse_gcd_reverse_body n=43 k=43 split=0 ops_start=3399877 ops_end=3400485
TLM_COMPARE_DIRECT call=563 phase=tlm_inverse_gcd_reverse_body n=44 k=44 split=0 ops_start=3401523 ops_end=3402145
TLM_COMPARE_DIRECT call=564 phase=tlm_inverse_gcd_reverse_body n=44 k=44 split=0 ops_start=3403044 ops_end=3403666
TLM_COMPARE_DIRECT call=565 phase=tlm_inverse_gcd_reverse_body n=45 k=45 split=0 ops_start=3404585 ops_end=3405221
TLM_COMPARE_DIRECT call=566 phase=tlm_inverse_gcd_reverse_body n=46 k=46 split=0 ops_start=3406319 ops_end=3406969
TLM_COMPARE_DIRECT call=567 phase=tlm_inverse_gcd_reverse_body n=47 k=47 split=0 ops_start=3407928 ops_end=3408592
TLM_COMPARE_DIRECT call=568 phase=tlm_inverse_gcd_reverse_body n=48 k=48 split=0 ops_start=3409571 ops_end=3410249
TLM_COMPARE_DIRECT call=569 phase=tlm_inverse_gcd_reverse_body n=49 k=49 split=0 ops_start=3411407 ops_end=3412099
TLM_COMPARE_DIRECT call=570 phase=tlm_inverse_gcd_reverse_body n=50 k=50 split=0 ops_start=3413118 ops_end=3413824
TLM_COMPARE_DIRECT call=571 phase=tlm_inverse_gcd_reverse_body n=51 k=51 split=0 ops_start=3414863 ops_end=3415583
TLM_COMPARE_DIRECT call=572 phase=tlm_inverse_gcd_reverse_body n=52 k=52 split=0 ops_start=3416801 ops_end=3417535
TLM_COMPARE_DIRECT call=573 phase=tlm_inverse_gcd_reverse_body n=52 k=52 split=0 ops_start=3418614 ops_end=3419348
TLM_COMPARE_DIRECT call=574 phase=tlm_inverse_gcd_reverse_body n=52 k=52 split=0 ops_start=3420447 ops_end=3421181
TLM_COMPARE_DIRECT call=575 phase=tlm_inverse_gcd_reverse_body n=52 k=52 split=0 ops_start=3422459 ops_end=3423193
TLM_COMPARE_DIRECT call=576 phase=tlm_inverse_gcd_reverse_body n=52 k=52 split=0 ops_start=3424332 ops_end=3425066
TLM_COMPARE_DIRECT call=577 phase=tlm_inverse_gcd_reverse_body n=52 k=52 split=0 ops_start=3426225 ops_end=3426959
TLM_COMPARE_DIRECT call=578 phase=tlm_inverse_gcd_reverse_body n=51 k=51 split=0 ops_start=3428297 ops_end=3429017
TLM_COMPARE_DIRECT call=579 phase=tlm_inverse_gcd_reverse_body n=52 k=52 split=0 ops_start=3430216 ops_end=3430950
TLM_COMPARE_DIRECT call=580 phase=tlm_inverse_gcd_reverse_body n=50 k=50 split=0 ops_start=3432169 ops_end=3432875
TLM_COMPARE_DIRECT call=581 phase=tlm_inverse_gcd_reverse_body n=51 k=51 split=0 ops_start=3434273 ops_end=3434993
TLM_COMPARE_DIRECT call=582 phase=tlm_inverse_gcd_reverse_body n=51 k=51 split=0 ops_start=3436252 ops_end=3436972
TLM_COMPARE_DIRECT call=583 phase=tlm_inverse_gcd_reverse_body n=49 k=49 split=0 ops_start=3438251 ops_end=3438943
TLM_COMPARE_DIRECT call=584 phase=tlm_inverse_gcd_reverse_body n=50 k=50 split=0 ops_start=3440401 ops_end=3441107
TLM_COMPARE_DIRECT call=585 phase=tlm_inverse_gcd_reverse_body n=48 k=48 split=0 ops_start=3442426 ops_end=3443104
TLM_COMPARE_DIRECT call=586 phase=tlm_inverse_gcd_reverse_body n=48 k=48 split=0 ops_start=3444443 ops_end=3445121
TLM_COMPARE_DIRECT call=587 phase=tlm_inverse_gcd_reverse_body n=48 k=48 split=0 ops_start=3446639 ops_end=3447317
TLM_COMPARE_DIRECT call=588 phase=tlm_inverse_gcd_reverse_body n=49 k=49 split=0 ops_start=3448696 ops_end=3449388
TLM_COMPARE_DIRECT call=589 phase=tlm_inverse_gcd_reverse_body n=48 k=48 split=0 ops_start=3450787 ops_end=3451465
TLM_COMPARE_DIRECT call=590 phase=tlm_inverse_gcd_reverse_body n=48 k=48 split=0 ops_start=3453043 ops_end=3453721
TLM_COMPARE_DIRECT call=591 phase=tlm_inverse_gcd_reverse_body n=48 k=48 split=0 ops_start=3455160 ops_end=3455838
TLM_COMPARE_DIRECT call=592 phase=tlm_inverse_gcd_reverse_body n=48 k=48 split=0 ops_start=3457297 ops_end=3457975
TLM_COMPARE_DIRECT call=593 phase=tlm_inverse_gcd_reverse_body n=48 k=48 split=0 ops_start=3459613 ops_end=3460291
TLM_COMPARE_DIRECT call=594 phase=tlm_inverse_gcd_reverse_body n=48 k=48 split=0 ops_start=3461790 ops_end=3462468
TLM_COMPARE_DIRECT call=595 phase=tlm_inverse_gcd_reverse_body n=49 k=49 split=0 ops_start=3463987 ops_end=3464679
TLM_COMPARE_DIRECT call=596 phase=tlm_inverse_gcd_reverse_body n=48 k=48 split=0 ops_start=3466377 ops_end=3467055
TLM_COMPARE_DIRECT call=597 phase=tlm_inverse_gcd_reverse_body n=47 k=47 split=0 ops_start=3468614 ops_end=3469278
TLM_COMPARE_DIRECT call=598 phase=tlm_inverse_gcd_reverse_body n=47 k=47 split=0 ops_start=3470857 ops_end=3471521
TLM_COMPARE_DIRECT call=599 phase=tlm_inverse_gcd_reverse_body n=47 k=47 split=0 ops_start=3473279 ops_end=3473943
TLM_COMPARE_DIRECT call=600 phase=tlm_inverse_gcd_reverse_body n=47 k=47 split=0 ops_start=3475562 ops_end=3476226
TLM_COMPARE_DIRECT call=601 phase=tlm_inverse_gcd_reverse_body n=47 k=47 split=0 ops_start=3477865 ops_end=3478529
TLM_COMPARE_DIRECT call=602 phase=tlm_inverse_gcd_reverse_body n=47 k=47 split=0 ops_start=3480347 ops_end=3481011
TLM_COMPARE_DIRECT call=603 phase=tlm_inverse_gcd_reverse_body n=47 k=47 split=0 ops_start=3482690 ops_end=3483354
TLM_COMPARE_DIRECT call=604 phase=tlm_inverse_gcd_reverse_body n=46 k=46 split=0 ops_start=3485053 ops_end=3485703
TLM_COMPARE_DIRECT call=605 phase=tlm_inverse_gcd_reverse_body n=46 k=46 split=0 ops_start=3487581 ops_end=3488231
TLM_COMPARE_DIRECT call=606 phase=tlm_inverse_gcd_reverse_body n=47 k=47 split=0 ops_start=3489970 ops_end=3490634
TLM_COMPARE_DIRECT call=607 phase=tlm_inverse_gcd_reverse_body n=46 k=46 split=0 ops_start=3492393 ops_end=3493043
TLM_COMPARE_DIRECT call=608 phase=tlm_inverse_gcd_reverse_body n=46 k=46 split=0 ops_start=3494981 ops_end=3495631
TLM_COMPARE_DIRECT call=609 phase=tlm_inverse_gcd_reverse_body n=47 k=47 split=0 ops_start=3497430 ops_end=3498094
TLM_COMPARE_DIRECT call=610 phase=tlm_inverse_gcd_reverse_body n=46 k=46 split=0 ops_start=3499913 ops_end=3500563
TLM_COMPARE_DIRECT call=611 phase=tlm_inverse_gcd_reverse_body n=46 k=46 split=0 ops_start=3502561 ops_end=3503211
TLM_COMPARE_DIRECT call=612 phase=tlm_inverse_gcd_reverse_body n=46 k=46 split=0 ops_start=3505070 ops_end=3505720
TLM_COMPARE_DIRECT call=613 phase=tlm_inverse_gcd_reverse_body n=45 k=45 split=0 ops_start=3507599 ops_end=3508235
TLM_COMPARE_DIRECT call=614 phase=tlm_inverse_gcd_reverse_body n=45 k=45 split=0 ops_start=3510293 ops_end=3510929
TLM_COMPARE_DIRECT call=615 phase=tlm_inverse_gcd_reverse_body n=46 k=46 split=0 ops_start=3512848 ops_end=3513498
TLM_COMPARE_DIRECT call=616 phase=tlm_inverse_gcd_reverse_body n=45 k=45 split=0 ops_start=3515437 ops_end=3516073
TLM_COMPARE_DIRECT call=617 phase=tlm_inverse_gcd_reverse_body n=45 k=45 split=0 ops_start=3518191 ops_end=3518827
TLM_COMPARE_DIRECT call=618 phase=tlm_inverse_gcd_reverse_body n=45 k=45 split=0 ops_start=3520806 ops_end=3521442
TLM_COMPARE_DIRECT call=619 phase=tlm_inverse_gcd_reverse_body n=45 k=45 split=0 ops_start=3523441 ops_end=3524077
TLM_COMPARE_DIRECT call=620 phase=tlm_inverse_gcd_reverse_body n=45 k=45 split=0 ops_start=3526255 ops_end=3526891
TLM_COMPARE_DIRECT call=621 phase=tlm_inverse_gcd_reverse_body n=46 k=46 split=0 ops_start=3528930 ops_end=3529580
TLM_COMPARE_DIRECT call=622 phase=tlm_inverse_gcd_reverse_body n=44 k=44 split=0 ops_start=3531639 ops_end=3532261
TLM_COMPARE_DIRECT call=623 phase=tlm_inverse_gcd_reverse_body n=45 k=45 split=0 ops_start=3534499 ops_end=3535135
TLM_COMPARE_DIRECT call=624 phase=tlm_inverse_gcd_reverse_body n=45 k=45 split=0 ops_start=3537234 ops_end=3537870
TLM_COMPARE_DIRECT call=625 phase=tlm_inverse_gcd_reverse_body n=44 k=44 split=0 ops_start=3539989 ops_end=3540611
TLM_COMPARE_DIRECT call=626 phase=tlm_inverse_gcd_reverse_body n=44 k=44 split=0 ops_start=3542909 ops_end=3543531
TLM_COMPARE_DIRECT call=627 phase=tlm_inverse_gcd_reverse_body n=44 k=44 split=0 ops_start=3545690 ops_end=3546312
TLM_COMPARE_DIRECT call=628 phase=tlm_inverse_gcd_reverse_body n=44 k=44 split=0 ops_start=3548491 ops_end=3549113
TLM_COMPARE_DIRECT call=629 phase=tlm_inverse_gcd_reverse_body n=44 k=44 split=0 ops_start=3551471 ops_end=3552093
TLM_COMPARE_DIRECT call=630 phase=tlm_inverse_gcd_reverse_body n=43 k=43 split=0 ops_start=3554312 ops_end=3554920
TLM_COMPARE_DIRECT call=631 phase=tlm_inverse_gcd_reverse_body n=44 k=44 split=0 ops_start=3557159 ops_end=3557781
TLM_COMPARE_DIRECT call=632 phase=tlm_inverse_gcd_reverse_body n=44 k=44 split=0 ops_start=3560199 ops_end=3560821
TLM_COMPARE_DIRECT call=633 phase=tlm_inverse_gcd_reverse_body n=43 k=43 split=0 ops_start=3563100 ops_end=3563708
TLM_COMPARE_DIRECT call=634 phase=tlm_inverse_gcd_reverse_body n=44 k=44 split=0 ops_start=3566007 ops_end=3566629
TLM_COMPARE_DIRECT call=635 phase=tlm_inverse_gcd_reverse_body n=43 k=43 split=0 ops_start=3569107 ops_end=3569715
TLM_COMPARE_DIRECT call=636 phase=tlm_inverse_gcd_reverse_body n=43 k=43 split=0 ops_start=3572054 ops_end=3572662
TLM_COMPARE_DIRECT call=637 phase=tlm_inverse_gcd_reverse_body n=44 k=44 split=0 ops_start=3575037 ops_end=3575659
TLM_COMPARE_DIRECT call=638 phase=tlm_inverse_gcd_reverse_body n=43 k=43 split=0 ops_start=3578201 ops_end=3578809
TLM_COMPARE_DIRECT call=639 phase=tlm_inverse_gcd_reverse_body n=44 k=44 split=0 ops_start=3581224 ops_end=3581846
TLM_COMPARE_DIRECT call=640 phase=tlm_inverse_gcd_reverse_body n=43 k=43 split=0 ops_start=3584285 ops_end=3584893
TLM_COMPARE_DIRECT call=641 phase=tlm_inverse_gcd_reverse_body n=44 k=44 split=0 ops_start=3587511 ops_end=3588133
TLM_COMPARE_DIRECT call=642 phase=tlm_inverse_gcd_reverse_body n=42 k=42 split=0 ops_start=3590596 ops_end=3591190
TLM_COMPARE_DIRECT call=643 phase=tlm_inverse_gcd_reverse_body n=43 k=43 split=0 ops_start=3593669 ops_end=3594277
TLM_COMPARE_DIRECT call=644 phase=tlm_inverse_gcd_reverse_body n=42 k=42 split=0 ops_start=3596935 ops_end=3597529
TLM_COMPARE_DIRECT call=645 phase=tlm_inverse_gcd_reverse_body n=42 k=42 split=0 ops_start=3600048 ops_end=3600642
TLM_COMPARE_DIRECT call=646 phase=tlm_inverse_gcd_reverse_body n=43 k=43 split=0 ops_start=3603181 ops_end=3603789
TLM_COMPARE_DIRECT call=647 phase=tlm_inverse_gcd_reverse_body n=43 k=43 split=0 ops_start=3606507 ops_end=3607115
TLM_COMPARE_DIRECT call=648 phase=tlm_inverse_gcd_reverse_body n=42 k=42 split=0 ops_start=3609710 ops_end=3610304
TLM_COMPARE_DIRECT call=649 phase=tlm_inverse_gcd_reverse_body n=43 k=43 split=0 ops_start=3612923 ops_end=3613531
TLM_COMPARE_DIRECT call=650 phase=tlm_inverse_gcd_reverse_body n=43 k=43 split=0 ops_start=3616329 ops_end=3616937
TLM_COMPARE_DIRECT call=651 phase=tlm_inverse_gcd_reverse_body n=43 k=43 split=0 ops_start=3619596 ops_end=3620204
TLM_COMPARE_DIRECT call=652 phase=tlm_inverse_gcd_reverse_body n=43 k=43 split=0 ops_start=3622883 ops_end=3623491
TLM_COMPARE_DIRECT call=653 phase=tlm_inverse_gcd_reverse_body n=42 k=42 split=0 ops_start=3626349 ops_end=3626943
TLM_COMPARE_DIRECT call=654 phase=tlm_inverse_gcd_reverse_body n=42 k=42 split=0 ops_start=3629662 ops_end=3630256
TLM_COMPARE_DIRECT call=655 phase=tlm_inverse_gcd_reverse_body n=42 k=42 split=0 ops_start=3632995 ops_end=3633589
TLM_COMPARE_DIRECT call=656 phase=tlm_inverse_gcd_reverse_body n=42 k=42 split=0 ops_start=3636507 ops_end=3637101
TLM_COMPARE_DIRECT call=657 phase=tlm_inverse_gcd_reverse_body n=42 k=42 split=0 ops_start=3639864 ops_end=3640458
TLM_COMPARE_DIRECT call=658 phase=tlm_inverse_gcd_reverse_body n=42 k=42 split=0 ops_start=3643253 ops_end=3643847
TLM_COMPARE_DIRECT call=659 phase=tlm_inverse_gcd_reverse_body n=42 k=42 split=0 ops_start=3646825 ops_end=3647419
TLM_COMPARE_DIRECT call=660 phase=tlm_inverse_gcd_reverse_body n=43 k=43 split=0 ops_start=3650258 ops_end=3650866
TLM_COMPARE_DIRECT call=661 phase=tlm_inverse_gcd_reverse_body n=42 k=42 split=0 ops_start=3653709 ops_end=3654303
TLM_COMPARE_DIRECT call=662 phase=tlm_inverse_gcd_reverse_body n=41 k=41 split=0 ops_start=3657321 ops_end=3657901
TLM_COMPARE_DIRECT call=663 phase=tlm_inverse_gcd_reverse_body n=42 k=42 split=0 ops_start=3660780 ops_end=3661374
TLM_COMPARE_DIRECT call=664 phase=tlm_inverse_gcd_reverse_body n=41 k=41 split=0 ops_start=3664273 ops_end=3664853
TLM_COMPARE_DIRECT call=665 phase=tlm_inverse_gcd_reverse_body n=41 k=41 split=0 ops_start=3667931 ops_end=3668511
TLM_COMPARE_DIRECT call=666 phase=tlm_inverse_gcd_reverse_body n=42 k=42 split=0 ops_start=3671466 ops_end=3672060
TLM_COMPARE_DIRECT call=667 phase=tlm_inverse_gcd_reverse_body n=42 k=42 split=0 ops_start=3675039 ops_end=3675633
TLM_COMPARE_DIRECT call=668 phase=tlm_inverse_gcd_reverse_body n=42 k=42 split=0 ops_start=3678791 ops_end=3679385
TLM_COMPARE_DIRECT call=669 phase=tlm_inverse_gcd_reverse_body n=42 k=42 split=0 ops_start=3682404 ops_end=3682998
TLM_COMPARE_DIRECT call=670 phase=tlm_inverse_gcd_reverse_body n=42 k=42 split=0 ops_start=3686037 ops_end=3686631
TLM_COMPARE_DIRECT call=671 phase=tlm_inverse_gcd_reverse_body n=41 k=41 split=0 ops_start=3689849 ops_end=3690429
TLM_COMPARE_DIRECT call=672 phase=tlm_inverse_gcd_reverse_body n=42 k=42 split=0 ops_start=3693508 ops_end=3694102
TLM_COMPARE_DIRECT call=673 phase=tlm_inverse_gcd_reverse_body n=40 k=40 split=0 ops_start=3697185 ops_end=3697751
TLM_COMPARE_DIRECT call=674 phase=tlm_inverse_gcd_reverse_body n=41 k=41 split=0 ops_start=3701025 ops_end=3701605
TLM_COMPARE_DIRECT call=675 phase=tlm_inverse_gcd_reverse_body n=41 k=41 split=0 ops_start=3704744 ops_end=3705324
TLM_COMPARE_DIRECT call=676 phase=tlm_inverse_gcd_reverse_body n=40 k=40 split=0 ops_start=3708467 ops_end=3709033
TLM_COMPARE_DIRECT call=677 phase=tlm_inverse_gcd_reverse_body n=41 k=41 split=0 ops_start=3712367 ops_end=3712947
TLM_COMPARE_DIRECT call=678 phase=tlm_inverse_gcd_reverse_body n=40 k=40 split=0 ops_start=3716146 ops_end=3716712
TLM_COMPARE_DIRECT call=679 phase=tlm_inverse_gcd_reverse_body n=41 k=41 split=0 ops_start=3719931 ops_end=3720511
TLM_COMPARE_DIRECT call=680 phase=tlm_inverse_gcd_reverse_body n=40 k=40 split=0 ops_start=3723893 ops_end=3724459
TLM_COMPARE_DIRECT call=681 phase=tlm_inverse_gcd_reverse_body n=40 k=40 split=0 ops_start=3727714 ops_end=3728280
TLM_COMPARE_DIRECT call=682 phase=tlm_inverse_gcd_reverse_body n=41 k=41 split=0 ops_start=3731575 ops_end=3732155
TLM_COMPARE_DIRECT call=683 phase=tlm_inverse_gcd_reverse_body n=41 k=41 split=0 ops_start=3735633 ops_end=3736213
TLM_COMPARE_DIRECT call=684 phase=tlm_inverse_gcd_reverse_body n=42 k=42 split=0 ops_start=3739552 ops_end=3740146
TLM_COMPARE_DIRECT call=685 phase=tlm_inverse_gcd_reverse_body n=40 k=40 split=0 ops_start=3743505 ops_end=3744071
TLM_COMPARE_DIRECT call=686 phase=tlm_inverse_gcd_reverse_body n=40 k=40 split=0 ops_start=3747609 ops_end=3748175
TLM_COMPARE_DIRECT call=687 phase=tlm_inverse_gcd_reverse_body n=41 k=41 split=0 ops_start=3751590 ops_end=3752170
TLM_COMPARE_DIRECT call=688 phase=tlm_inverse_gcd_reverse_body n=42 k=42 split=0 ops_start=3755609 ops_end=3756203
TLM_COMPARE_DIRECT call=689 phase=tlm_inverse_gcd_reverse_body n=40 k=40 split=0 ops_start=3759805 ops_end=3760371
TLM_COMPARE_DIRECT call=690 phase=tlm_inverse_gcd_reverse_body n=41 k=41 split=0 ops_start=3763830 ops_end=3764410
TLM_COMPARE_DIRECT call=691 phase=tlm_inverse_gcd_reverse_body n=40 k=40 split=0 ops_start=3767889 ops_end=3768455
TLM_COMPARE_DIRECT call=692 phase=tlm_inverse_gcd_reverse_body n=40 k=40 split=0 ops_start=3772113 ops_end=3772679
TLM_COMPARE_DIRECT call=693 phase=tlm_inverse_gcd_reverse_body n=40 k=40 split=0 ops_start=3776198 ops_end=3776764
TLM_COMPARE_DIRECT call=694 phase=tlm_inverse_gcd_reverse_body n=40 k=40 split=0 ops_start=3780303 ops_end=3780869
TLM_COMPARE_DIRECT call=695 phase=tlm_inverse_gcd_reverse_body n=40 k=40 split=0 ops_start=3784587 ops_end=3785153
TLM_COMPARE_DIRECT call=696 phase=tlm_inverse_gcd_reverse_body n=40 k=40 split=0 ops_start=3788732 ops_end=3789298
TLM_COMPARE_DIRECT call=697 phase=tlm_inverse_gcd_reverse_body n=39 k=39 split=0 ops_start=3792897 ops_end=3793449
TLM_COMPARE_DIRECT call=698 phase=tlm_inverse_gcd_reverse_body n=39 k=39 split=0 ops_start=3797227 ops_end=3797779
TLM_COMPARE_DIRECT call=699 phase=tlm_inverse_gcd_reverse_body n=41 k=41 split=0 ops_start=3801418 ops_end=3801998
TLM_COMPARE_DIRECT call=700 phase=tlm_inverse_gcd_reverse_body n=40 k=40 split=0 ops_start=3805657 ops_end=3806223
TLM_COMPARE_DIRECT call=701 phase=tlm_inverse_gcd_reverse_body n=40 k=40 split=0 ops_start=3810061 ops_end=3810627
TLM_COMPARE_DIRECT call=702 phase=tlm_inverse_gcd_reverse_body n=39 k=39 split=0 ops_start=3814326 ops_end=3814878
TLM_COMPARE_DIRECT call=703 phase=tlm_inverse_gcd_reverse_body n=39 k=39 split=0 ops_start=3818597 ops_end=3819149
TLM_COMPARE_DIRECT call=704 phase=tlm_inverse_gcd_reverse_body n=38 k=38 split=0 ops_start=3823047 ops_end=3823585
TLM_COMPARE_DIRECT call=705 phase=tlm_inverse_gcd_reverse_body n=39 k=39 split=0 ops_start=3827344 ops_end=3827896
TLM_COMPARE_DIRECT call=706 phase=tlm_inverse_gcd_reverse_body n=40 k=40 split=0 ops_start=3831675 ops_end=3832241
TLM_COMPARE_DIRECT call=707 phase=tlm_inverse_gcd_reverse_body n=39 k=39 split=0 ops_start=3836199 ops_end=3836751
TLM_COMPARE_DIRECT call=708 phase=tlm_inverse_gcd_reverse_body n=39 k=39 split=0 ops_start=3840570 ops_end=3841122
TLM_COMPARE_DIRECT call=709 phase=tlm_inverse_gcd_reverse_body n=38 k=38 split=0 ops_start=3844961 ops_end=3845499
TLM_COMPARE_DIRECT call=710 phase=tlm_inverse_gcd_reverse_body n=38 k=38 split=0 ops_start=3849517 ops_end=3850055
TLM_COMPARE_DIRECT call=711 phase=tlm_inverse_gcd_reverse_body n=38 k=38 split=0 ops_start=3853934 ops_end=3854472
TLM_COMPARE_DIRECT call=712 phase=tlm_inverse_gcd_reverse_body n=38 k=38 split=0 ops_start=3858371 ops_end=3858909
TLM_COMPARE_DIRECT call=713 phase=tlm_inverse_gcd_reverse_body n=38 k=38 split=0 ops_start=3862987 ops_end=3863525
TLM_COMPARE_DIRECT call=714 phase=tlm_inverse_gcd_reverse_body n=38 k=38 split=0 ops_start=3867464 ops_end=3868002
TLM_COMPARE_DIRECT call=715 phase=tlm_inverse_gcd_reverse_body n=37 k=37 split=0 ops_start=3871961 ops_end=3872485
TLM_COMPARE_DIRECT call=716 phase=tlm_inverse_gcd_reverse_body n=37 k=37 split=0 ops_start=3876623 ops_end=3877147
TLM_COMPARE_DIRECT call=717 phase=tlm_inverse_gcd_reverse_body n=37 k=37 split=0 ops_start=3881146 ops_end=3881670
TLM_COMPARE_DIRECT call=718 phase=tlm_inverse_gcd_reverse_body n=37 k=37 split=0 ops_start=3885689 ops_end=3886213
TLM_COMPARE_DIRECT call=719 phase=tlm_inverse_gcd_reverse_body n=37 k=37 split=0 ops_start=3890411 ops_end=3890935
TLM_COMPARE_DIRECT call=720 phase=tlm_inverse_gcd_reverse_body n=37 k=37 split=0 ops_start=3894994 ops_end=3895518
TLM_COMPARE_DIRECT call=721 phase=tlm_inverse_gcd_reverse_body n=37 k=37 split=0 ops_start=3899597 ops_end=3900121
TLM_COMPARE_DIRECT call=722 phase=tlm_inverse_gcd_reverse_body n=37 k=37 split=0 ops_start=3904379 ops_end=3904903
TLM_COMPARE_DIRECT call=723 phase=tlm_inverse_gcd_reverse_body n=37 k=37 split=0 ops_start=3909022 ops_end=3909546
TLM_COMPARE_DIRECT call=724 phase=tlm_inverse_gcd_reverse_body n=37 k=37 split=0 ops_start=3913685 ops_end=3914209
TLM_COMPARE_DIRECT call=725 phase=tlm_inverse_gcd_reverse_body n=37 k=37 split=0 ops_start=3918527 ops_end=3919051
TLM_COMPARE_DIRECT call=726 phase=tlm_inverse_gcd_reverse_body n=37 k=37 split=0 ops_start=3923230 ops_end=3923754
TLM_COMPARE_DIRECT call=727 phase=tlm_inverse_gcd_reverse_body n=36 k=36 split=0 ops_start=3927953 ops_end=3928463
TLM_COMPARE_DIRECT call=728 phase=tlm_inverse_gcd_reverse_body n=36 k=36 split=0 ops_start=3932841 ops_end=3933351
TLM_COMPARE_DIRECT call=729 phase=tlm_inverse_gcd_reverse_body n=36 k=36 split=0 ops_start=3937590 ops_end=3938100
TLM_COMPARE_DIRECT call=730 phase=tlm_inverse_gcd_reverse_body n=36 k=36 split=0 ops_start=3942359 ops_end=3942869
TLM_COMPARE_DIRECT call=731 phase=tlm_inverse_gcd_reverse_body n=36 k=36 split=0 ops_start=3947307 ops_end=3947817
TLM_COMPARE_DIRECT call=732 phase=tlm_inverse_gcd_reverse_body n=36 k=36 split=0 ops_start=3952116 ops_end=3952626
TLM_COMPARE_DIRECT call=733 phase=tlm_inverse_gcd_reverse_body n=35 k=35 split=0 ops_start=3956945 ops_end=3957441
TLM_COMPARE_DIRECT call=734 phase=tlm_inverse_gcd_reverse_body n=36 k=36 split=0 ops_start=3961939 ops_end=3962449
TLM_COMPARE_DIRECT call=735 phase=tlm_inverse_gcd_reverse_body n=35 k=35 split=0 ops_start=3966808 ops_end=3967304
TLM_COMPARE_DIRECT call=736 phase=tlm_inverse_gcd_reverse_body n=36 k=36 split=0 ops_start=3971683 ops_end=3972193
TLM_COMPARE_DIRECT call=737 phase=tlm_inverse_gcd_reverse_body n=35 k=35 split=0 ops_start=3976751 ops_end=3977247
TLM_COMPARE_DIRECT call=738 phase=tlm_inverse_gcd_reverse_body n=35 k=35 split=0 ops_start=3981666 ops_end=3982162
TLM_COMPARE_DIRECT call=739 phase=tlm_inverse_gcd_reverse_body n=35 k=35 split=0 ops_start=3986601 ops_end=3987097
TLM_COMPARE_DIRECT call=740 phase=tlm_inverse_gcd_reverse_body n=35 k=35 split=0 ops_start=3991715 ops_end=3992211
TLM_COMPARE_DIRECT call=741 phase=tlm_inverse_gcd_reverse_body n=34 k=34 split=0 ops_start=3996690 ops_end=3997172
TLM_COMPARE_DIRECT call=742 phase=tlm_inverse_gcd_reverse_body n=35 k=35 split=0 ops_start=4001671 ops_end=4002167
TLM_COMPARE_DIRECT call=743 phase=tlm_inverse_gcd_reverse_body n=35 k=35 split=0 ops_start=4006845 ops_end=4007341
TLM_COMPARE_DIRECT call=744 phase=tlm_inverse_gcd_reverse_body n=35 k=35 split=0 ops_start=4011880 ops_end=4012376
TLM_COMPARE_DIRECT call=745 phase=tlm_inverse_gcd_reverse_body n=34 k=34 split=0 ops_start=4016935 ops_end=4017417
TLM_COMPARE_DIRECT call=746 phase=tlm_inverse_gcd_reverse_body n=35 k=35 split=0 ops_start=4022155 ops_end=4022651
TLM_COMPARE_DIRECT call=747 phase=tlm_inverse_gcd_reverse_body n=34 k=34 split=0 ops_start=4027250 ops_end=4027732
TLM_COMPARE_DIRECT call=748 phase=tlm_inverse_gcd_reverse_body n=34 k=34 split=0 ops_start=4032351 ops_end=4032833
TLM_COMPARE_DIRECT call=749 phase=tlm_inverse_gcd_reverse_body n=34 k=34 split=0 ops_start=4037631 ops_end=4038113
TLM_COMPARE_DIRECT call=750 phase=tlm_inverse_gcd_reverse_body n=34 k=34 split=0 ops_start=4042772 ops_end=4043254
TLM_COMPARE_DIRECT call=751 phase=tlm_inverse_gcd_reverse_body n=33 k=33 split=0 ops_start=4047933 ops_end=4048401
TLM_COMPARE_DIRECT call=752 phase=tlm_inverse_gcd_reverse_body n=35 k=35 split=0 ops_start=4053259 ops_end=4053755
TLM_COMPARE_DIRECT call=753 phase=tlm_inverse_gcd_reverse_body n=33 k=33 split=0 ops_start=4058474 ops_end=4058942
TLM_COMPARE_DIRECT call=754 phase=tlm_inverse_gcd_reverse_body n=33 k=33 split=0 ops_start=4063681 ops_end=4064149
TLM_COMPARE_DIRECT call=755 phase=tlm_inverse_gcd_reverse_body n=34 k=34 split=0 ops_start=4069067 ops_end=4069549
TLM_COMPARE_DIRECT call=756 phase=tlm_inverse_gcd_reverse_body n=33 k=33 split=0 ops_start=4074328 ops_end=4074796
TLM_COMPARE_DIRECT call=757 phase=tlm_inverse_gcd_reverse_body n=33 k=33 split=0 ops_start=4079595 ops_end=4080063
TLM_COMPARE_DIRECT call=758 phase=tlm_inverse_gcd_reverse_body n=34 k=34 split=0 ops_start=4085041 ops_end=4085523
TLM_COMPARE_DIRECT call=759 phase=tlm_inverse_gcd_reverse_body n=34 k=34 split=0 ops_start=4090362 ops_end=4090844
TLM_COMPARE_DIRECT call=760 phase=tlm_inverse_gcd_reverse_body n=32 k=32 split=0 ops_start=4095703 ops_end=4096157
TLM_COMPARE_DIRECT call=761 phase=tlm_inverse_gcd_reverse_body n=33 k=33 split=0 ops_start=4101195 ops_end=4101663
TLM_COMPARE_DIRECT call=762 phase=tlm_inverse_gcd_reverse_body n=33 k=33 split=0 ops_start=4106562 ops_end=4107030
TLM_COMPARE_DIRECT call=763 phase=tlm_inverse_gcd_reverse_body n=33 k=33 split=0 ops_start=4111949 ops_end=4112417
TLM_COMPARE_DIRECT call=764 phase=tlm_inverse_gcd_reverse_body n=32 k=32 split=0 ops_start=4117515 ops_end=4117969
TLM_COMPARE_DIRECT call=765 phase=tlm_inverse_gcd_reverse_body n=33 k=33 split=0 ops_start=4122928 ops_end=4123396
TLM_COMPARE_DIRECT call=766 phase=tlm_inverse_gcd_reverse_body n=33 k=33 split=0 ops_start=4128375 ops_end=4128843
TLM_COMPARE_DIRECT call=767 phase=tlm_inverse_gcd_reverse_body n=32 k=32 split=0 ops_start=4134001 ops_end=4134455
TLM_COMPARE_DIRECT call=768 phase=tlm_inverse_gcd_reverse_body n=32 k=32 split=0 ops_start=4139474 ops_end=4139928
TLM_COMPARE_DIRECT call=769 phase=tlm_inverse_gcd_reverse_body n=32 k=32 split=0 ops_start=4144967 ops_end=4145421
TLM_COMPARE_DIRECT call=770 phase=tlm_inverse_gcd_reverse_body n=32 k=32 split=0 ops_start=4150639 ops_end=4151093
TLM_COMPARE_DIRECT call=771 phase=tlm_inverse_gcd_reverse_body n=32 k=32 split=0 ops_start=4156172 ops_end=4156626
TLM_COMPARE_DIRECT call=772 phase=tlm_inverse_gcd_reverse_body n=32 k=32 split=0 ops_start=4161725 ops_end=4162179
TLM_COMPARE_DIRECT call=773 phase=tlm_inverse_gcd_reverse_body n=30 k=30 split=0 ops_start=4167441 ops_end=4167867
TLM_COMPARE_DIRECT call=774 phase=tlm_inverse_gcd_reverse_body n=30 k=30 split=0 ops_start=4172970 ops_end=4173396
TLM_COMPARE_DIRECT call=775 phase=tlm_inverse_gcd_reverse_body n=28 k=28 split=0 ops_start=4178499 ops_end=4178897
TLM_COMPARE_DIRECT call=776 phase=tlm_inverse_gcd_reverse_body n=27 k=27 split=0 ops_start=4184159 ops_end=4184543
TLM_COMPARE_DIRECT call=777 phase=tlm_inverse_gcd_reverse_body n=27 k=27 split=0 ops_start=4189646 ops_end=4190030
TLM_COMPARE_DIRECT call=778 phase=tlm_inverse_gcd_reverse_body n=25 k=25 split=0 ops_start=4195133 ops_end=4195489
TLM_COMPARE_DIRECT call=779 phase=tlm_inverse_gcd_reverse_body n=24 k=24 split=0 ops_start=4200751 ops_end=4201093
TLM_COMPARE_DIRECT call=780 phase=tlm_inverse_gcd_reverse_body n=23 k=23 split=0 ops_start=4206196 ops_end=4206524
TLM_COMPARE_DIRECT call=781 phase=tlm_inverse_gcd_reverse_body n=23 k=23 split=0 ops_start=4211627 ops_end=4211955
TLM_COMPARE_DIRECT call=782 phase=tlm_coord_add3x n=19 k=19 split=0 ops_start=4259013 ops_end=4259287
TLM_COMPARE_DIRECT call=783 phase=square_c_sum_apply_shifted_128_sub n=19 k=19 split=0 ops_start=4360012 ops_end=4360286
TLM_COMPARE_DIRECT call=784 phase=square_c_sum_apply_shifted_128_sub n=19 k=19 split=0 ops_start=4364182 ops_end=4364456
TLM_COMPARE_DIRECT call=785 phase=square_c_sum_apply_shifted_128_sub n=19 k=19 split=0 ops_start=4368338 ops_end=4368612
TLM_COMPARE_DIRECT call=786 phase=square_c_sum_apply_shifted_128_sub n=19 k=19 split=0 ops_start=4371860 ops_end=4372134
TLM_COMPARE_DIRECT call=787 phase=square_c_sum_apply_shifted_128_sub n=19 k=19 split=0 ops_start=4375972 ops_end=4376246
TLM_COMPARE_DIRECT call=788 phase=square_c_sum_apply_shifted_128_sub n=19 k=19 split=0 ops_start=4380034 ops_end=4380308
TLM_COMPARE_DIRECT call=789 phase=square_a_lo_apply_unshifted_sub n=19 k=19 split=0 ops_start=4575418 ops_end=4575692
TLM_COMPARE_DIRECT call=790 phase=square_a_lo_apply_shifted_128_add n=19 k=19 split=0 ops_start=4577928 ops_end=4578202
TLM_COMPARE_DIRECT call=791 phase=square_a_lo_apply_shifted_128_add n=19 k=19 split=0 ops_start=4581442 ops_end=4581716
TLM_COMPARE_DIRECT call=792 phase=square_a_lo_apply_shifted_128_add n=19 k=19 split=0 ops_start=4584952 ops_end=4585226
TLM_COMPARE_DIRECT call=793 phase=square_a_lo_apply_shifted_128_add n=19 k=19 split=0 ops_start=4589080 ops_end=4589354
TLM_COMPARE_DIRECT call=794 phase=square_a_lo_apply_shifted_128_add n=19 k=19 split=0 ops_start=4592598 ops_end=4592872
TLM_COMPARE_DIRECT call=795 phase=square_a_lo_apply_shifted_128_add n=19 k=19 split=0 ops_start=4596070 ops_end=4596344
TLM_COMPARE_DIRECT call=796 phase=square_b_hi_apply_shifted_128_add n=19 k=19 split=0 ops_start=4787687 ops_end=4787961
TLM_COMPARE_DIRECT call=797 phase=square_b_hi_apply_shifted_128_add n=19 k=19 split=0 ops_start=4791201 ops_end=4791475
TLM_COMPARE_DIRECT call=798 phase=square_b_hi_apply_shifted_128_add n=19 k=19 split=0 ops_start=4794711 ops_end=4794985
TLM_COMPARE_DIRECT call=799 phase=square_b_hi_apply_shifted_128_add n=19 k=19 split=0 ops_start=4798839 ops_end=4799113
TLM_COMPARE_DIRECT call=800 phase=square_b_hi_apply_shifted_128_add n=19 k=19 split=0 ops_start=4802357 ops_end=4802631
TLM_COMPARE_DIRECT call=801 phase=square_b_hi_apply_shifted_128_add n=19 k=19 split=0 ops_start=4805829 ops_end=4806103
TLM_COMPARE_DIRECT call=802 phase=square_b_hi_apply_f_times_sub n=19 k=19 split=0 ops_start=4810715 ops_end=4810989
TLM_COMPARE_DIRECT call=803 phase=square_b_hi_apply_f_times_sub n=19 k=19 split=0 ops_start=4815471 ops_end=4815745
TLM_COMPARE_DIRECT call=804 phase=square_b_hi_apply_f_times_sub n=19 k=19 split=0 ops_start=4822209 ops_end=4822483
TLM_COMPARE_DIRECT call=805 phase=square_b_hi_apply_f_times_sub n=19 k=19 split=0 ops_start=4830173 ops_end=4830447
TLM_COMPARE_DIRECT call=806 phase=square_b_hi_apply_f_times_sub n=19 k=19 split=0 ops_start=4841099 ops_end=4841373
TLM_COMPARE_DIRECT call=807 phase=tlm_multiply_gcd_forward_compare n=23 k=23 split=0 ops_start=4965945 ops_end=4966273
TLM_COMPARE_DIRECT call=808 phase=tlm_multiply_gcd_forward_compare n=23 k=23 split=0 ops_start=4971884 ops_end=4972212
TLM_COMPARE_DIRECT call=809 phase=tlm_multiply_gcd_forward_compare n=24 k=24 split=0 ops_start=4977823 ops_end=4978165
TLM_COMPARE_DIRECT call=810 phase=tlm_multiply_gcd_forward_compare n=25 k=25 split=0 ops_start=4983940 ops_end=4984296
TLM_COMPARE_DIRECT call=811 phase=tlm_multiply_gcd_forward_compare n=27 k=27 split=0 ops_start=4989907 ops_end=4990291
TLM_COMPARE_DIRECT call=812 phase=tlm_multiply_gcd_forward_compare n=27 k=27 split=0 ops_start=4995902 ops_end=4996286
TLM_COMPARE_DIRECT call=813 phase=tlm_multiply_gcd_forward_compare n=28 k=28 split=0 ops_start=5002061 ops_end=5002459
TLM_COMPARE_DIRECT call=814 phase=tlm_multiply_gcd_forward_compare n=30 k=30 split=0 ops_start=5008070 ops_end=5008496
TLM_COMPARE_DIRECT call=815 phase=tlm_multiply_gcd_forward_compare n=30 k=30 split=0 ops_start=5014107 ops_end=5014533
TLM_COMPARE_DIRECT call=816 phase=tlm_multiply_gcd_forward_compare n=32 k=32 split=0 ops_start=5020308 ops_end=5020762
TLM_COMPARE_DIRECT call=817 phase=tlm_multiply_gcd_forward_compare n=32 k=32 split=0 ops_start=5026371 ops_end=5026825
TLM_COMPARE_DIRECT call=818 phase=tlm_multiply_gcd_forward_compare n=32 k=32 split=0 ops_start=5032412 ops_end=5032866
TLM_COMPARE_DIRECT call=819 phase=tlm_multiply_gcd_forward_compare n=32 k=32 split=0 ops_start=5038595 ops_end=5039049
TLM_COMPARE_DIRECT call=820 phase=tlm_multiply_gcd_forward_compare n=32 k=32 split=0 ops_start=5044592 ops_end=5045046
TLM_COMPARE_DIRECT call=821 phase=tlm_multiply_gcd_forward_compare n=32 k=32 split=0 ops_start=5050567 ops_end=5051021
TLM_COMPARE_DIRECT call=822 phase=tlm_multiply_gcd_forward_compare n=33 k=33 split=0 ops_start=5056684 ops_end=5057152
TLM_COMPARE_DIRECT call=823 phase=tlm_multiply_gcd_forward_compare n=33 k=33 split=0 ops_start=5062629 ops_end=5063097
TLM_COMPARE_DIRECT call=824 phase=tlm_multiply_gcd_forward_compare n=32 k=32 split=0 ops_start=5068552 ops_end=5069006
TLM_COMPARE_DIRECT call=825 phase=tlm_multiply_gcd_forward_compare n=33 k=33 split=0 ops_start=5074603 ops_end=5075071
TLM_COMPARE_DIRECT call=826 phase=tlm_multiply_gcd_forward_compare n=33 k=33 split=0 ops_start=5080482 ops_end=5080950
TLM_COMPARE_DIRECT call=827 phase=tlm_multiply_gcd_forward_compare n=33 k=33 split=0 ops_start=5086339 ops_end=5086807
TLM_COMPARE_DIRECT call=828 phase=tlm_multiply_gcd_forward_compare n=32 k=32 split=0 ops_start=5092338 ops_end=5092792
TLM_COMPARE_DIRECT call=829 phase=tlm_multiply_gcd_forward_compare n=34 k=34 split=0 ops_start=5098137 ops_end=5098619
TLM_COMPARE_DIRECT call=830 phase=tlm_multiply_gcd_forward_compare n=34 k=34 split=0 ops_start=5103942 ops_end=5104424
TLM_COMPARE_DIRECT call=831 phase=tlm_multiply_gcd_forward_compare n=33 k=33 split=0 ops_start=5109889 ops_end=5110357
TLM_COMPARE_DIRECT call=832 phase=tlm_multiply_gcd_forward_compare n=33 k=33 split=0 ops_start=5115636 ops_end=5116104
TLM_COMPARE_DIRECT call=833 phase=tlm_multiply_gcd_forward_compare n=34 k=34 split=0 ops_start=5121361 ops_end=5121843
TLM_COMPARE_DIRECT call=834 phase=tlm_multiply_gcd_forward_compare n=33 k=33 split=0 ops_start=5127242 ops_end=5127710
TLM_COMPARE_DIRECT call=835 phase=tlm_multiply_gcd_forward_compare n=33 k=33 split=0 ops_start=5132923 ops_end=5133391
TLM_COMPARE_DIRECT call=836 phase=tlm_multiply_gcd_forward_compare n=35 k=35 split=0 ops_start=5138582 ops_end=5139078
TLM_COMPARE_DIRECT call=837 phase=tlm_multiply_gcd_forward_compare n=33 k=33 split=0 ops_start=5144411 ops_end=5144879
TLM_COMPARE_DIRECT call=838 phase=tlm_multiply_gcd_forward_compare n=34 k=34 split=0 ops_start=5150026 ops_end=5150508
TLM_COMPARE_DIRECT call=839 phase=tlm_multiply_gcd_forward_compare n=34 k=34 split=0 ops_start=5155633 ops_end=5156115
TLM_COMPARE_DIRECT call=840 phase=tlm_multiply_gcd_forward_compare n=34 k=34 split=0 ops_start=5161382 ops_end=5161864
TLM_COMPARE_DIRECT call=841 phase=tlm_multiply_gcd_forward_compare n=34 k=34 split=0 ops_start=5166945 ops_end=5167427
TLM_COMPARE_DIRECT call=842 phase=tlm_multiply_gcd_forward_compare n=35 k=35 split=0 ops_start=5172486 ops_end=5172982
TLM_COMPARE_DIRECT call=843 phase=tlm_multiply_gcd_forward_compare n=34 k=34 split=0 ops_start=5178183 ops_end=5178665
TLM_COMPARE_DIRECT call=844 phase=tlm_multiply_gcd_forward_compare n=35 k=35 split=0 ops_start=5183680 ops_end=5184176
TLM_COMPARE_DIRECT call=845 phase=tlm_multiply_gcd_forward_compare n=35 k=35 split=0 ops_start=5189169 ops_end=5189665
TLM_COMPARE_DIRECT call=846 phase=tlm_multiply_gcd_forward_compare n=35 k=35 split=0 ops_start=5194800 ops_end=5195296
TLM_COMPARE_DIRECT call=847 phase=tlm_multiply_gcd_forward_compare n=34 k=34 split=0 ops_start=5200245 ops_end=5200727
TLM_COMPARE_DIRECT call=848 phase=tlm_multiply_gcd_forward_compare n=35 k=35 split=0 ops_start=5205654 ops_end=5206150
TLM_COMPARE_DIRECT call=849 phase=tlm_multiply_gcd_forward_compare n=35 k=35 split=0 ops_start=5211219 ops_end=5211715
TLM_COMPARE_DIRECT call=850 phase=tlm_multiply_gcd_forward_compare n=35 k=35 split=0 ops_start=5216598 ops_end=5217094
TLM_COMPARE_DIRECT call=851 phase=tlm_multiply_gcd_forward_compare n=35 k=35 split=0 ops_start=5221955 ops_end=5222451
TLM_COMPARE_DIRECT call=852 phase=tlm_multiply_gcd_forward_compare n=36 k=36 split=0 ops_start=5227454 ops_end=5227964
TLM_COMPARE_DIRECT call=853 phase=tlm_multiply_gcd_forward_compare n=35 k=35 split=0 ops_start=5232781 ops_end=5233277
TLM_COMPARE_DIRECT call=854 phase=tlm_multiply_gcd_forward_compare n=36 k=36 split=0 ops_start=5238072 ops_end=5238582
TLM_COMPARE_DIRECT call=855 phase=tlm_multiply_gcd_forward_compare n=35 k=35 split=0 ops_start=5243519 ops_end=5244015
TLM_COMPARE_DIRECT call=856 phase=tlm_multiply_gcd_forward_compare n=36 k=36 split=0 ops_start=5248766 ops_end=5249276
TLM_COMPARE_DIRECT call=857 phase=tlm_multiply_gcd_forward_compare n=36 k=36 split=0 ops_start=5254005 ops_end=5254515
TLM_COMPARE_DIRECT call=858 phase=tlm_multiply_gcd_forward_compare n=36 k=36 split=0 ops_start=5259386 ops_end=5259896
TLM_COMPARE_DIRECT call=859 phase=tlm_multiply_gcd_forward_compare n=36 k=36 split=0 ops_start=5264581 ops_end=5265091
TLM_COMPARE_DIRECT call=860 phase=tlm_multiply_gcd_forward_compare n=36 k=36 split=0 ops_start=5269754 ops_end=5270264
TLM_COMPARE_DIRECT call=861 phase=tlm_multiply_gcd_forward_compare n=36 k=36 split=0 ops_start=5275069 ops_end=5275579
TLM_COMPARE_DIRECT call=862 phase=tlm_multiply_gcd_forward_compare n=37 k=37 split=0 ops_start=5280198 ops_end=5280722
TLM_COMPARE_DIRECT call=863 phase=tlm_multiply_gcd_forward_compare n=37 k=37 split=0 ops_start=5285319 ops_end=5285843
TLM_COMPARE_DIRECT call=864 phase=tlm_multiply_gcd_forward_compare n=37 k=37 split=0 ops_start=5290582 ops_end=5291106
TLM_COMPARE_DIRECT call=865 phase=tlm_multiply_gcd_forward_compare n=37 k=37 split=0 ops_start=5295659 ops_end=5296183
TLM_COMPARE_DIRECT call=866 phase=tlm_multiply_gcd_forward_compare n=37 k=37 split=0 ops_start=5300714 ops_end=5301238
TLM_COMPARE_DIRECT call=867 phase=tlm_multiply_gcd_forward_compare n=37 k=37 split=0 ops_start=5305911 ops_end=5306435
TLM_COMPARE_DIRECT call=868 phase=tlm_multiply_gcd_forward_compare n=37 k=37 split=0 ops_start=5310922 ops_end=5311446
TLM_COMPARE_DIRECT call=869 phase=tlm_multiply_gcd_forward_compare n=37 k=37 split=0 ops_start=5315911 ops_end=5316435
TLM_COMPARE_DIRECT call=870 phase=tlm_multiply_gcd_forward_compare n=37 k=37 split=0 ops_start=5321042 ops_end=5321566
TLM_COMPARE_DIRECT call=871 phase=tlm_multiply_gcd_forward_compare n=37 k=37 split=0 ops_start=5325987 ops_end=5326511
TLM_COMPARE_DIRECT call=872 phase=tlm_multiply_gcd_forward_compare n=37 k=37 split=0 ops_start=5330910 ops_end=5331434
TLM_COMPARE_DIRECT call=873 phase=tlm_multiply_gcd_forward_compare n=37 k=37 split=0 ops_start=5335975 ops_end=5336499
TLM_COMPARE_DIRECT call=874 phase=tlm_multiply_gcd_forward_compare n=38 k=38 split=0 ops_start=5340854 ops_end=5341392
TLM_COMPARE_DIRECT call=875 phase=tlm_multiply_gcd_forward_compare n=38 k=38 split=0 ops_start=5345725 ops_end=5346263
TLM_COMPARE_DIRECT call=876 phase=tlm_multiply_gcd_forward_compare n=38 k=38 split=0 ops_start=5350738 ops_end=5351276
TLM_COMPARE_DIRECT call=877 phase=tlm_multiply_gcd_forward_compare n=38 k=38 split=0 ops_start=5355565 ops_end=5356103
TLM_COMPARE_DIRECT call=878 phase=tlm_multiply_gcd_forward_compare n=38 k=38 split=0 ops_start=5360370 ops_end=5360908
TLM_COMPARE_DIRECT call=879 phase=tlm_multiply_gcd_forward_compare n=38 k=38 split=0 ops_start=5365317 ops_end=5365855
TLM_COMPARE_DIRECT call=880 phase=tlm_multiply_gcd_forward_compare n=39 k=39 split=0 ops_start=5370078 ops_end=5370630
TLM_COMPARE_DIRECT call=881 phase=tlm_multiply_gcd_forward_compare n=39 k=39 split=0 ops_start=5374831 ops_end=5375383
TLM_COMPARE_DIRECT call=882 phase=tlm_multiply_gcd_forward_compare n=40 k=40 split=0 ops_start=5379726 ops_end=5380292
TLM_COMPARE_DIRECT call=883 phase=tlm_multiply_gcd_forward_compare n=39 k=39 split=0 ops_start=5384449 ops_end=5385001
TLM_COMPARE_DIRECT call=884 phase=tlm_multiply_gcd_forward_compare n=38 k=38 split=0 ops_start=5389136 ops_end=5389674
TLM_COMPARE_DIRECT call=885 phase=tlm_multiply_gcd_forward_compare n=39 k=39 split=0 ops_start=5393951 ops_end=5394503
TLM_COMPARE_DIRECT call=886 phase=tlm_multiply_gcd_forward_compare n=39 k=39 split=0 ops_start=5398594 ops_end=5399146
TLM_COMPARE_DIRECT call=887 phase=tlm_multiply_gcd_forward_compare n=40 k=40 split=0 ops_start=5403215 ops_end=5403781
TLM_COMPARE_DIRECT call=888 phase=tlm_multiply_gcd_forward_compare n=40 k=40 split=0 ops_start=5407992 ops_end=5408558
TLM_COMPARE_DIRECT call=889 phase=tlm_multiply_gcd_forward_compare n=41 k=41 split=0 ops_start=5412583 ops_end=5413163
TLM_COMPARE_DIRECT call=890 phase=tlm_multiply_gcd_forward_compare n=39 k=39 split=0 ops_start=5417166 ops_end=5417718
TLM_COMPARE_DIRECT call=891 phase=tlm_multiply_gcd_forward_compare n=39 k=39 split=0 ops_start=5421863 ops_end=5422415
TLM_COMPARE_DIRECT call=892 phase=tlm_multiply_gcd_forward_compare n=40 k=40 split=0 ops_start=5426374 ops_end=5426940
TLM_COMPARE_DIRECT call=893 phase=tlm_multiply_gcd_forward_compare n=40 k=40 split=0 ops_start=5430877 ops_end=5431443
TLM_COMPARE_DIRECT call=894 phase=tlm_multiply_gcd_forward_compare n=40 k=40 split=0 ops_start=5435522 ops_end=5436088
TLM_COMPARE_DIRECT call=895 phase=tlm_multiply_gcd_forward_compare n=40 k=40 split=0 ops_start=5439981 ops_end=5440547
TLM_COMPARE_DIRECT call=896 phase=tlm_multiply_gcd_forward_compare n=40 k=40 split=0 ops_start=5444418 ops_end=5444984
TLM_COMPARE_DIRECT call=897 phase=tlm_multiply_gcd_forward_compare n=40 k=40 split=0 ops_start=5448997 ops_end=5449563
TLM_COMPARE_DIRECT call=898 phase=tlm_multiply_gcd_forward_compare n=41 k=41 split=0 ops_start=5453390 ops_end=5453970
TLM_COMPARE_DIRECT call=899 phase=tlm_multiply_gcd_forward_compare n=40 k=40 split=0 ops_start=5457775 ops_end=5458341
TLM_COMPARE_DIRECT call=900 phase=tlm_multiply_gcd_forward_compare n=42 k=42 split=0 ops_start=5462290 ops_end=5462884
TLM_COMPARE_DIRECT call=901 phase=tlm_multiply_gcd_forward_compare n=41 k=41 split=0 ops_start=5466667 ops_end=5467247
TLM_COMPARE_DIRECT call=902 phase=tlm_multiply_gcd_forward_compare n=40 k=40 split=0 ops_start=5471006 ops_end=5471572
TLM_COMPARE_DIRECT call=903 phase=tlm_multiply_gcd_forward_compare n=40 k=40 split=0 ops_start=5475453 ops_end=5476019
TLM_COMPARE_DIRECT call=904 phase=tlm_multiply_gcd_forward_compare n=42 k=42 split=0 ops_start=5479714 ops_end=5480308
TLM_COMPARE_DIRECT call=905 phase=tlm_multiply_gcd_forward_compare n=41 k=41 split=0 ops_start=5483981 ops_end=5484561
TLM_COMPARE_DIRECT call=906 phase=tlm_multiply_gcd_forward_compare n=41 k=41 split=0 ops_start=5488376 ops_end=5488956
TLM_COMPARE_DIRECT call=907 phase=tlm_multiply_gcd_forward_compare n=40 k=40 split=0 ops_start=5492583 ops_end=5493149
TLM_COMPARE_DIRECT call=908 phase=tlm_multiply_gcd_forward_compare n=40 k=40 split=0 ops_start=5496732 ops_end=5497298
TLM_COMPARE_DIRECT call=909 phase=tlm_multiply_gcd_forward_compare n=41 k=41 split=0 ops_start=5501005 ops_end=5501585
TLM_COMPARE_DIRECT call=910 phase=tlm_multiply_gcd_forward_compare n=40 k=40 split=0 ops_start=5505126 ops_end=5505692
TLM_COMPARE_DIRECT call=911 phase=tlm_multiply_gcd_forward_compare n=41 k=41 split=0 ops_start=5509211 ops_end=5509791
TLM_COMPARE_DIRECT call=912 phase=tlm_multiply_gcd_forward_compare n=40 k=40 split=0 ops_start=5513450 ops_end=5514016
TLM_COMPARE_DIRECT call=913 phase=tlm_multiply_gcd_forward_compare n=41 k=41 split=0 ops_start=5517471 ops_end=5518051
TLM_COMPARE_DIRECT call=914 phase=tlm_multiply_gcd_forward_compare n=41 k=41 split=0 ops_start=5521504 ops_end=5522084
TLM_COMPARE_DIRECT call=915 phase=tlm_multiply_gcd_forward_compare n=40 k=40 split=0 ops_start=5525677 ops_end=5526243
TLM_COMPARE_DIRECT call=916 phase=tlm_multiply_gcd_forward_compare n=42 k=42 split=0 ops_start=5529632 ops_end=5530226
TLM_COMPARE_DIRECT call=917 phase=tlm_multiply_gcd_forward_compare n=41 k=41 split=0 ops_start=5533613 ops_end=5534193
TLM_COMPARE_DIRECT call=918 phase=tlm_multiply_gcd_forward_compare n=42 k=42 split=0 ops_start=5537722 ops_end=5538316
TLM_COMPARE_DIRECT call=919 phase=tlm_multiply_gcd_forward_compare n=42 k=42 split=0 ops_start=5541659 ops_end=5542253
TLM_COMPARE_DIRECT call=920 phase=tlm_multiply_gcd_forward_compare n=42 k=42 split=0 ops_start=5545574 ops_end=5546168
TLM_COMPARE_DIRECT call=921 phase=tlm_multiply_gcd_forward_compare n=42 k=42 split=0 ops_start=5549631 ops_end=5550225
TLM_COMPARE_DIRECT call=922 phase=tlm_multiply_gcd_forward_compare n=42 k=42 split=0 ops_start=5553502 ops_end=5554096
TLM_COMPARE_DIRECT call=923 phase=tlm_multiply_gcd_forward_compare n=41 k=41 split=0 ops_start=5557349 ops_end=5557929
TLM_COMPARE_DIRECT call=924 phase=tlm_multiply_gcd_forward_compare n=41 k=41 split=0 ops_start=5561304 ops_end=5561884
TLM_COMPARE_DIRECT call=925 phase=tlm_multiply_gcd_forward_compare n=42 k=42 split=0 ops_start=5565073 ops_end=5565667
TLM_COMPARE_DIRECT call=926 phase=tlm_multiply_gcd_forward_compare n=41 k=41 split=0 ops_start=5568834 ops_end=5569414
TLM_COMPARE_DIRECT call=927 phase=tlm_multiply_gcd_forward_compare n=42 k=42 split=0 ops_start=5572723 ops_end=5573317
TLM_COMPARE_DIRECT call=928 phase=tlm_multiply_gcd_forward_compare n=43 k=43 split=0 ops_start=5576442 ops_end=5577050
TLM_COMPARE_DIRECT call=929 phase=tlm_multiply_gcd_forward_compare n=42 k=42 split=0 ops_start=5580173 ops_end=5580767
TLM_COMPARE_DIRECT call=930 phase=tlm_multiply_gcd_forward_compare n=42 k=42 split=0 ops_start=5584032 ops_end=5584626
TLM_COMPARE_DIRECT call=931 phase=tlm_multiply_gcd_forward_compare n=42 k=42 split=0 ops_start=5587703 ops_end=5588297
TLM_COMPARE_DIRECT call=932 phase=tlm_multiply_gcd_forward_compare n=42 k=42 split=0 ops_start=5591334 ops_end=5591928
TLM_COMPARE_DIRECT call=933 phase=tlm_multiply_gcd_forward_compare n=42 k=42 split=0 ops_start=5595127 ops_end=5595721
TLM_COMPARE_DIRECT call=934 phase=tlm_multiply_gcd_forward_compare n=42 k=42 split=0 ops_start=5598734 ops_end=5599328
TLM_COMPARE_DIRECT call=935 phase=tlm_multiply_gcd_forward_compare n=42 k=42 split=0 ops_start=5602319 ops_end=5602913
TLM_COMPARE_DIRECT call=936 phase=tlm_multiply_gcd_forward_compare n=43 k=43 split=0 ops_start=5606046 ops_end=5606654
TLM_COMPARE_DIRECT call=937 phase=tlm_multiply_gcd_forward_compare n=43 k=43 split=0 ops_start=5609601 ops_end=5610209
TLM_COMPARE_DIRECT call=938 phase=tlm_multiply_gcd_forward_compare n=43 k=43 split=0 ops_start=5613134 ops_end=5613742
TLM_COMPARE_DIRECT call=939 phase=tlm_multiply_gcd_forward_compare n=43 k=43 split=0 ops_start=5616809 ops_end=5617417
TLM_COMPARE_DIRECT call=940 phase=tlm_multiply_gcd_forward_compare n=42 k=42 split=0 ops_start=5620298 ops_end=5620892
TLM_COMPARE_DIRECT call=941 phase=tlm_multiply_gcd_forward_compare n=43 k=43 split=0 ops_start=5623749 ops_end=5624357
TLM_COMPARE_DIRECT call=942 phase=tlm_multiply_gcd_forward_compare n=43 k=43 split=0 ops_start=5627336 ops_end=5627944
TLM_COMPARE_DIRECT call=943 phase=tlm_multiply_gcd_forward_compare n=42 k=42 split=0 ops_start=5630737 ops_end=5631331
TLM_COMPARE_DIRECT call=944 phase=tlm_multiply_gcd_forward_compare n=42 k=42 split=0 ops_start=5634102 ops_end=5634696
TLM_COMPARE_DIRECT call=945 phase=tlm_multiply_gcd_forward_compare n=43 k=43 split=0 ops_start=5637609 ops_end=5638217
TLM_COMPARE_DIRECT call=946 phase=tlm_multiply_gcd_forward_compare n=42 k=42 split=0 ops_start=5640944 ops_end=5641538
TLM_COMPARE_DIRECT call=947 phase=tlm_multiply_gcd_forward_compare n=44 k=44 split=0 ops_start=5644245 ops_end=5644867
TLM_COMPARE_DIRECT call=948 phase=tlm_multiply_gcd_forward_compare n=43 k=43 split=0 ops_start=5647736 ops_end=5648344
TLM_COMPARE_DIRECT call=949 phase=tlm_multiply_gcd_forward_compare n=44 k=44 split=0 ops_start=5651027 ops_end=5651649
TLM_COMPARE_DIRECT call=950 phase=tlm_multiply_gcd_forward_compare n=43 k=43 split=0 ops_start=5654308 ops_end=5654916
TLM_COMPARE_DIRECT call=951 phase=tlm_multiply_gcd_forward_compare n=44 k=44 split=0 ops_start=5657699 ops_end=5658321
TLM_COMPARE_DIRECT call=952 phase=tlm_multiply_gcd_forward_compare n=43 k=43 split=0 ops_start=5660936 ops_end=5661544
TLM_COMPARE_DIRECT call=953 phase=tlm_multiply_gcd_forward_compare n=43 k=43 split=0 ops_start=5664117 ops_end=5664725
TLM_COMPARE_DIRECT call=954 phase=tlm_multiply_gcd_forward_compare n=44 k=44 split=0 ops_start=5667440 ops_end=5668062
TLM_COMPARE_DIRECT call=955 phase=tlm_multiply_gcd_forward_compare n=43 k=43 split=0 ops_start=5670591 ops_end=5671199
TLM_COMPARE_DIRECT call=956 phase=tlm_multiply_gcd_forward_compare n=44 k=44 split=0 ops_start=5673706 ops_end=5674328
TLM_COMPARE_DIRECT call=957 phase=tlm_multiply_gcd_forward_compare n=44 k=44 split=0 ops_start=5676977 ops_end=5677599
TLM_COMPARE_DIRECT call=958 phase=tlm_multiply_gcd_forward_compare n=43 k=43 split=0 ops_start=5680062 ops_end=5680670
TLM_COMPARE_DIRECT call=959 phase=tlm_multiply_gcd_forward_compare n=44 k=44 split=0 ops_start=5683111 ops_end=5683733
TLM_COMPARE_DIRECT call=960 phase=tlm_multiply_gcd_forward_compare n=44 k=44 split=0 ops_start=5686316 ops_end=5686938
TLM_COMPARE_DIRECT call=961 phase=tlm_multiply_gcd_forward_compare n=44 k=44 split=0 ops_start=5689335 ops_end=5689957
TLM_COMPARE_DIRECT call=962 phase=tlm_multiply_gcd_forward_compare n=44 k=44 split=0 ops_start=5692332 ops_end=5692954
TLM_COMPARE_DIRECT call=963 phase=tlm_multiply_gcd_forward_compare n=44 k=44 split=0 ops_start=5695471 ops_end=5696093
TLM_COMPARE_DIRECT call=964 phase=tlm_multiply_gcd_forward_compare n=45 k=45 split=0 ops_start=5698424 ops_end=5699060
TLM_COMPARE_DIRECT call=965 phase=tlm_multiply_gcd_forward_compare n=45 k=45 split=0 ops_start=5701369 ops_end=5702005
TLM_COMPARE_DIRECT call=966 phase=tlm_multiply_gcd_forward_compare n=44 k=44 split=0 ops_start=5704456 ops_end=5705078
TLM_COMPARE_DIRECT call=967 phase=tlm_multiply_gcd_forward_compare n=46 k=46 split=0 ops_start=5707343 ops_end=5707993
TLM_COMPARE_DIRECT call=968 phase=tlm_multiply_gcd_forward_compare n=45 k=45 split=0 ops_start=5710236 ops_end=5710872
TLM_COMPARE_DIRECT call=969 phase=tlm_multiply_gcd_forward_compare n=45 k=45 split=0 ops_start=5713257 ops_end=5713893
TLM_COMPARE_DIRECT call=970 phase=tlm_multiply_gcd_forward_compare n=45 k=45 split=0 ops_start=5716092 ops_end=5716728
TLM_COMPARE_DIRECT call=971 phase=tlm_multiply_gcd_forward_compare n=45 k=45 split=0 ops_start=5718905 ops_end=5719541
TLM_COMPARE_DIRECT call=972 phase=tlm_multiply_gcd_forward_compare n=45 k=45 split=0 ops_start=5721860 ops_end=5722496
TLM_COMPARE_DIRECT call=973 phase=tlm_multiply_gcd_forward_compare n=46 k=46 split=0 ops_start=5724629 ops_end=5725279
TLM_COMPARE_DIRECT call=974 phase=tlm_multiply_gcd_forward_compare n=45 k=45 split=0 ops_start=5727390 ops_end=5728026
TLM_COMPARE_DIRECT call=975 phase=tlm_multiply_gcd_forward_compare n=45 k=45 split=0 ops_start=5730279 ops_end=5730915
TLM_COMPARE_DIRECT call=976 phase=tlm_multiply_gcd_forward_compare n=46 k=46 split=0 ops_start=5732982 ops_end=5733632
TLM_COMPARE_DIRECT call=977 phase=tlm_multiply_gcd_forward_compare n=46 k=46 split=0 ops_start=5735677 ops_end=5736327
TLM_COMPARE_DIRECT call=978 phase=tlm_multiply_gcd_forward_compare n=46 k=46 split=0 ops_start=5738514 ops_end=5739164
TLM_COMPARE_DIRECT call=979 phase=tlm_multiply_gcd_forward_compare n=47 k=47 split=0 ops_start=5741165 ops_end=5741829
TLM_COMPARE_DIRECT call=980 phase=tlm_multiply_gcd_forward_compare n=46 k=46 split=0 ops_start=5743808 ops_end=5744458
TLM_COMPARE_DIRECT call=981 phase=tlm_multiply_gcd_forward_compare n=46 k=46 split=0 ops_start=5746579 ops_end=5747229
TLM_COMPARE_DIRECT call=982 phase=tlm_multiply_gcd_forward_compare n=47 k=47 split=0 ops_start=5749164 ops_end=5749828
TLM_COMPARE_DIRECT call=983 phase=tlm_multiply_gcd_forward_compare n=46 k=46 split=0 ops_start=5751741 ops_end=5752391
TLM_COMPARE_DIRECT call=984 phase=tlm_multiply_gcd_forward_compare n=46 k=46 split=0 ops_start=5754446 ops_end=5755096
TLM_COMPARE_DIRECT call=985 phase=tlm_multiply_gcd_forward_compare n=47 k=47 split=0 ops_start=5756965 ops_end=5757629
TLM_COMPARE_DIRECT call=986 phase=tlm_multiply_gcd_forward_compare n=47 k=47 split=0 ops_start=5759476 ops_end=5760140
TLM_COMPARE_DIRECT call=987 phase=tlm_multiply_gcd_forward_compare n=47 k=47 split=0 ops_start=5762129 ops_end=5762793
TLM_COMPARE_DIRECT call=988 phase=tlm_multiply_gcd_forward_compare n=47 k=47 split=0 ops_start=5764596 ops_end=5765260
TLM_COMPARE_DIRECT call=989 phase=tlm_multiply_gcd_forward_compare n=47 k=47 split=0 ops_start=5767041 ops_end=5767705
TLM_COMPARE_DIRECT call=990 phase=tlm_multiply_gcd_forward_compare n=47 k=47 split=0 ops_start=5769628 ops_end=5770292
TLM_COMPARE_DIRECT call=991 phase=tlm_multiply_gcd_forward_compare n=47 k=47 split=0 ops_start=5772029 ops_end=5772693
TLM_COMPARE_DIRECT call=992 phase=tlm_multiply_gcd_forward_compare n=48 k=48 split=0 ops_start=5774408 ops_end=5775086
TLM_COMPARE_DIRECT call=993 phase=tlm_multiply_gcd_forward_compare n=49 k=49 split=0 ops_start=5776943 ops_end=5777635
TLM_COMPARE_DIRECT call=994 phase=tlm_multiply_gcd_forward_compare n=48 k=48 split=0 ops_start=5779306 ops_end=5779984
TLM_COMPARE_DIRECT call=995 phase=tlm_multiply_gcd_forward_compare n=48 k=48 split=0 ops_start=5781633 ops_end=5782311
TLM_COMPARE_DIRECT call=996 phase=tlm_multiply_gcd_forward_compare n=48 k=48 split=0 ops_start=5784102 ops_end=5784780
TLM_COMPARE_DIRECT call=997 phase=tlm_multiply_gcd_forward_compare n=48 k=48 split=0 ops_start=5786385 ops_end=5787063
TLM_COMPARE_DIRECT call=998 phase=tlm_multiply_gcd_forward_compare n=48 k=48 split=0 ops_start=5788646 ops_end=5789324
TLM_COMPARE_DIRECT call=999 phase=tlm_multiply_gcd_forward_compare n=48 k=48 split=0 ops_start=5791049 ops_end=5791727
TLM_COMPARE_DIRECT call=1000 phase=tlm_multiply_gcd_forward_compare n=49 k=49 split=0 ops_start=5793266 ops_end=5793958
TLM_COMPARE_DIRECT call=1001 phase=tlm_multiply_gcd_forward_compare n=48 k=48 split=0 ops_start=5795475 ops_end=5796153
TLM_COMPARE_DIRECT call=1002 phase=tlm_multiply_gcd_forward_compare n=48 k=48 split=0 ops_start=5797812 ops_end=5798490
TLM_COMPARE_DIRECT call=1003 phase=tlm_multiply_gcd_forward_compare n=48 k=48 split=0 ops_start=5799963 ops_end=5800641
TLM_COMPARE_DIRECT call=1004 phase=tlm_multiply_gcd_forward_compare n=50 k=50 split=0 ops_start=5802092 ops_end=5802798
TLM_COMPARE_DIRECT call=1005 phase=tlm_multiply_gcd_forward_compare n=49 k=49 split=0 ops_start=5804391 ops_end=5805083
TLM_COMPARE_DIRECT call=1006 phase=tlm_multiply_gcd_forward_compare n=51 k=51 split=0 ops_start=5806490 ops_end=5807210
TLM_COMPARE_DIRECT call=1007 phase=tlm_multiply_gcd_forward_compare n=51 k=51 split=0 ops_start=5808595 ops_end=5809315
TLM_COMPARE_DIRECT call=1008 phase=tlm_multiply_gcd_forward_compare n=50 k=50 split=0 ops_start=5810842 ops_end=5811548
TLM_COMPARE_DIRECT call=1009 phase=tlm_multiply_gcd_forward_compare n=52 k=52 split=0 ops_start=5812889 ops_end=5813623
TLM_COMPARE_DIRECT call=1010 phase=tlm_multiply_gcd_forward_compare n=51 k=51 split=0 ops_start=5814942 ops_end=5815662
TLM_COMPARE_DIRECT call=1011 phase=tlm_multiply_gcd_forward_compare n=52 k=52 split=0 ops_start=5817123 ops_end=5817857
TLM_COMPARE_DIRECT call=1012 phase=tlm_multiply_gcd_forward_compare n=52 k=52 split=0 ops_start=5819132 ops_end=5819866
TLM_COMPARE_DIRECT call=1013 phase=tlm_multiply_gcd_forward_compare n=52 k=52 split=0 ops_start=5821119 ops_end=5821853
TLM_COMPARE_DIRECT call=1014 phase=tlm_multiply_gcd_forward_compare n=52 k=52 split=0 ops_start=5823248 ops_end=5823982
TLM_COMPARE_DIRECT call=1015 phase=tlm_multiply_gcd_forward_compare n=52 k=52 split=0 ops_start=5825191 ops_end=5825925
TLM_COMPARE_DIRECT call=1016 phase=tlm_multiply_gcd_forward_compare n=52 k=52 split=0 ops_start=5827112 ops_end=5827846
TLM_COMPARE_DIRECT call=1017 phase=tlm_multiply_gcd_forward_compare n=51 k=51 split=0 ops_start=5829175 ops_end=5829895
TLM_COMPARE_DIRECT call=1018 phase=tlm_multiply_gcd_forward_compare n=50 k=50 split=0 ops_start=5831038 ops_end=5831744
TLM_COMPARE_DIRECT call=1019 phase=tlm_multiply_gcd_forward_compare n=49 k=49 split=0 ops_start=5832865 ops_end=5833557
TLM_COMPARE_DIRECT call=1020 phase=tlm_multiply_gcd_forward_compare n=48 k=48 split=0 ops_start=5834820 ops_end=5835498
TLM_COMPARE_DIRECT call=1021 phase=tlm_multiply_gcd_forward_compare n=47 k=47 split=0 ops_start=5836575 ops_end=5837239
TLM_COMPARE_DIRECT call=1022 phase=tlm_multiply_gcd_forward_compare n=46 k=46 split=0 ops_start=5838294 ops_end=5838944
TLM_COMPARE_DIRECT call=1023 phase=tlm_multiply_gcd_forward_compare n=45 k=45 split=0 ops_start=5840141 ops_end=5840777
TLM_COMPARE_DIRECT call=1024 phase=tlm_multiply_gcd_forward_compare n=44 k=44 split=0 ops_start=5841788 ops_end=5842410
TLM_COMPARE_DIRECT call=1025 phase=tlm_multiply_gcd_forward_compare n=44 k=44 split=0 ops_start=5843399 ops_end=5844021
TLM_COMPARE_DIRECT call=1026 phase=tlm_multiply_gcd_forward_compare n=43 k=43 split=0 ops_start=5845152 ops_end=5845760
TLM_COMPARE_DIRECT call=1027 phase=tlm_multiply_gcd_forward_compare n=42 k=42 split=0 ops_start=5846705 ops_end=5847299
TLM_COMPARE_DIRECT call=1028 phase=tlm_multiply_gcd_forward_compare n=41 k=41 split=0 ops_start=5848222 ops_end=5848802
TLM_COMPARE_DIRECT call=1029 phase=tlm_multiply_gcd_forward_compare n=40 k=40 split=0 ops_start=5849867 ops_end=5850433
TLM_COMPARE_DIRECT call=1030 phase=tlm_multiply_gcd_forward_compare n=39 k=39 split=0 ops_start=5851312 ops_end=5851864
TLM_COMPARE_DIRECT call=1031 phase=tlm_multiply_gcd_forward_compare n=38 k=38 split=0 ops_start=5852721 ops_end=5853259
TLM_COMPARE_DIRECT call=1032 phase=tlm_multiply_gcd_forward_compare n=37 k=37 split=0 ops_start=5854258 ops_end=5854782
TLM_COMPARE_DIRECT call=1033 phase=tlm_multiply_gcd_forward_compare n=36 k=36 split=0 ops_start=5855595 ops_end=5856105
TLM_COMPARE_DIRECT call=1034 phase=tlm_multiply_gcd_forward_compare n=35 k=35 split=0 ops_start=5856896 ops_end=5857392
TLM_COMPARE_DIRECT call=1035 phase=tlm_multiply_gcd_forward_compare n=34 k=34 split=0 ops_start=5858325 ops_end=5858807
TLM_COMPARE_DIRECT call=1036 phase=tlm_multiply_gcd_forward_compare n=33 k=33 split=0 ops_start=5859554 ops_end=5860022
TLM_COMPARE_DIRECT call=1037 phase=tlm_multiply_gcd_forward_compare n=32 k=32 split=0 ops_start=5860747 ops_end=5861201
TLM_COMPARE_DIRECT call=1038 phase=tlm_multiply_gcd_forward_compare n=31 k=31 split=0 ops_start=5862068 ops_end=5862508
TLM_COMPARE_DIRECT call=1039 phase=tlm_multiply_gcd_forward_compare n=30 k=30 split=0 ops_start=5863189 ops_end=5863615
TLM_COMPARE_DIRECT call=1040 phase=tlm_multiply_gcd_forward_compare n=29 k=29 split=0 ops_start=5864274 ops_end=5864686
TLM_COMPARE_DIRECT call=1041 phase=tlm_multiply_gcd_forward_compare n=28 k=28 split=0 ops_start=5865487 ops_end=5865885
TLM_COMPARE_DIRECT call=1042 phase=tlm_multiply_gcd_forward_compare n=27 k=27 split=0 ops_start=5866500 ops_end=5866884
TLM_COMPARE_DIRECT call=1043 phase=tlm_multiply_gcd_forward_compare n=26 k=26 split=0 ops_start=5867477 ops_end=5867847
TLM_COMPARE_DIRECT call=1044 phase=tlm_multiply_gcd_forward_compare n=24 k=24 split=0 ops_start=5868578 ops_end=5868920
TLM_COMPARE_DIRECT call=1045 phase=tlm_multiply_gcd_forward_compare n=23 k=23 split=0 ops_start=5869425 ops_end=5869753
TLM_COMPARE_DIRECT call=1046 phase=tlm_multiply_gcd_forward_compare n=22 k=22 split=0 ops_start=5870236 ops_end=5870550
TLM_COMPARE_DIRECT call=1047 phase=tlm_multiply_gcd_forward_compare n=21 k=21 split=0 ops_start=5871175 ops_end=5871475
TLM_COMPARE_DIRECT call=1048 phase=tlm_multiply_gcd_forward_compare n=20 k=20 split=0 ops_start=5871914 ops_end=5872200
TLM_COMPARE_DIRECT call=1049 phase=tlm_multiply_gcd_forward_compare n=19 k=19 split=0 ops_start=5872617 ops_end=5872889
TLM_COMPARE_DIRECT call=1050 phase=tlm_multiply_gcd_forward_compare n=19 k=19 split=0 ops_start=5873450 ops_end=5873722
TLM_COMPARE_DIRECT call=1051 phase=tlm_multiply_gcd_forward_compare n=18 k=18 split=0 ops_start=5874117 ops_end=5874375
TLM_COMPARE_DIRECT call=1052 phase=tlm_multiply_gcd_forward_compare n=18 k=18 split=0 ops_start=5874750 ops_end=5875008
TLM_COMPARE_DIRECT call=1053 phase=tlm_multiply_gcd_forward_compare n=17 k=17 split=0 ops_start=5875545 ops_end=5875789
TLM_COMPARE_DIRECT call=1054 phase=tlm_multiply_gcd_forward_compare n=16 k=16 split=0 ops_start=5876140 ops_end=5876370
TLM_COMPARE_DIRECT call=1055 phase=tlm_multiply_gcd_forward_compare n=15 k=15 split=0 ops_start=5876699 ops_end=5876915
TLM_COMPARE_DIRECT call=1056 phase=tlm_multiply_gcd_forward_compare n=15 k=15 split=0 ops_start=5877388 ops_end=5877604
TLM_COMPARE_DIRECT call=1057 phase=tlm_multiply_gcd_forward_compare n=14 k=14 split=0 ops_start=5877911 ops_end=5878113
TLM_COMPARE_DIRECT call=1058 phase=tlm_multiply_gcd_forward_compare n=14 k=14 split=0 ops_start=5878400 ops_end=5878602
TLM_COMPARE_DIRECT call=1059 phase=tlm_multiply_gcd_forward_compare n=14 k=14 split=0 ops_start=5879053 ops_end=5879255
TLM_COMPARE_DIRECT call=1060 phase=tlm_multiply_gcd_forward_compare n=12 k=12 split=0 ops_start=5879538 ops_end=5879712
TLM_COMPARE_DIRECT call=1061 phase=tlm_multiply_gcd_forward_compare n=12 k=12 split=0 ops_start=5879955 ops_end=5880129
TLM_COMPARE_DIRECT call=1062 phase=tlm_multiply_gcd_forward_compare n=10 k=10 split=0 ops_start=5880532 ops_end=5880678
TLM_COMPARE_DIRECT call=1063 phase=tlm_multiply_gcd_forward_compare n=9 k=9 split=0 ops_start=5880875 ops_end=5881007
TLM_COMPARE_DIRECT call=1064 phase=tlm_multiply_gcd_forward_compare n=9 k=9 split=0 ops_start=5881184 ops_end=5881316
TLM_COMPARE_DIRECT call=1065 phase=tlm_multiply_gcd_forward_compare n=9 k=9 split=0 ops_start=5881657 ops_end=5881789
TLM_COMPARE_DIRECT call=1066 phase=tlm_multiply_gcd_forward_compare n=9 k=9 split=0 ops_start=5881966 ops_end=5882098
TLM_COMPARE_DIRECT call=1067 phase=tlm_multiply_gcd_reverse_body n=9 k=9 split=0 ops_start=5883849 ops_end=5883981
TLM_COMPARE_DIRECT call=1068 phase=tlm_apply_forward_mod_add_clean n=19 k=17 split=2 ops_start=5889524 ops_end=5889786
TLM_COMPARE_DIRECT call=1069 phase=tlm_multiply_gcd_reverse_body n=9 k=9 split=0 ops_start=5892044 ops_end=5892176
TLM_COMPARE_DIRECT call=1070 phase=tlm_apply_forward_mod_add_clean n=19 k=18 split=1 ops_start=5898208 ops_end=5898476
TLM_COMPARE_DIRECT call=1071 phase=tlm_multiply_gcd_reverse_body n=9 k=9 split=0 ops_start=5900724 ops_end=5900856
TLM_COMPARE_DIRECT call=1072 phase=tlm_apply_forward_mod_add_clean n=19 k=19 split=0 ops_start=5907847 ops_end=5908121
TLM_COMPARE_DIRECT call=1073 phase=tlm_multiply_gcd_reverse_body n=9 k=9 split=0 ops_start=5911117 ops_end=5911249
TLM_COMPARE_DIRECT call=1074 phase=tlm_apply_forward_mod_add_clean n=19 k=19 split=0 ops_start=5918664 ops_end=5918938
TLM_COMPARE_DIRECT call=1075 phase=tlm_multiply_gcd_reverse_body n=10 k=10 split=0 ops_start=5921940 ops_end=5922086
TLM_COMPARE_DIRECT call=1076 phase=tlm_apply_forward_mod_add_clean n=19 k=19 split=0 ops_start=5928472 ops_end=5928746
TLM_COMPARE_DIRECT call=1077 phase=tlm_multiply_gcd_reverse_body n=12 k=12 split=0 ops_start=5931810 ops_end=5931984
TLM_COMPARE_DIRECT call=1078 phase=tlm_apply_forward_mod_add_clean n=19 k=19 split=0 ops_start=5939431 ops_end=5939705
TLM_COMPARE_DIRECT call=1079 phase=tlm_multiply_gcd_reverse_body n=12 k=12 split=0 ops_start=5942739 ops_end=5942913
TLM_COMPARE_DIRECT call=1080 phase=tlm_apply_forward_mod_add_clean n=19 k=19 split=0 ops_start=5949916 ops_end=5950190
TLM_COMPARE_DIRECT call=1081 phase=tlm_multiply_gcd_reverse_body n=14 k=14 split=0 ops_start=5953266 ops_end=5953468
TLM_COMPARE_DIRECT call=1082 phase=tlm_apply_forward_mod_add_clean n=19 k=19 split=0 ops_start=5961062 ops_end=5961336
TLM_COMPARE_DIRECT call=1083 phase=tlm_multiply_gcd_reverse_body n=14 k=14 split=0 ops_start=5964402 ops_end=5964604
TLM_COMPARE_DIRECT call=1084 phase=tlm_apply_forward_mod_add_clean n=19 k=19 split=0 ops_start=5972478 ops_end=5972752
TLM_COMPARE_DIRECT call=1085 phase=tlm_multiply_gcd_reverse_body n=14 k=14 split=0 ops_start=5976075 ops_end=5976277
TLM_COMPARE_DIRECT call=1086 phase=tlm_apply_forward_mod_add_clean n=19 k=19 split=0 ops_start=5984066 ops_end=5984340
TLM_COMPARE_DIRECT call=1087 phase=tlm_multiply_gcd_reverse_body n=15 k=15 split=0 ops_start=5987679 ops_end=5987895
TLM_COMPARE_DIRECT call=1088 phase=tlm_apply_forward_mod_add_clean n=19 k=19 split=0 ops_start=5995786 ops_end=5996060
TLM_COMPARE_DIRECT call=1089 phase=tlm_multiply_gcd_reverse_body n=15 k=15 split=0 ops_start=5999399 ops_end=5999615
TLM_COMPARE_DIRECT call=1090 phase=tlm_apply_forward_mod_add_clean n=19 k=19 split=0 ops_start=6007250 ops_end=6007524
TLM_COMPARE_DIRECT call=1091 phase=tlm_multiply_gcd_reverse_body n=16 k=16 split=0 ops_start=6010879 ops_end=6011109
TLM_COMPARE_DIRECT call=1092 phase=tlm_apply_forward_mod_add_clean n=19 k=19 split=0 ops_start=6018667 ops_end=6018941
TLM_COMPARE_DIRECT call=1093 phase=tlm_multiply_gcd_reverse_body n=17 k=17 split=0 ops_start=6022312 ops_end=6022556
TLM_COMPARE_DIRECT call=1094 phase=tlm_apply_forward_mod_add_clean n=19 k=19 split=0 ops_start=6030334 ops_end=6030608
TLM_COMPARE_DIRECT call=1095 phase=tlm_multiply_gcd_reverse_body n=18 k=18 split=0 ops_start=6033995 ops_end=6034253
TLM_COMPARE_DIRECT call=1096 phase=tlm_apply_forward_mod_add_clean n=19 k=19 split=0 ops_start=6041821 ops_end=6042095
TLM_COMPARE_DIRECT call=1097 phase=tlm_multiply_gcd_reverse_body n=18 k=18 split=0 ops_start=6045482 ops_end=6045740
TLM_COMPARE_DIRECT call=1098 phase=tlm_apply_forward_mod_add_clean n=19 k=19 split=0 ops_start=6053250 ops_end=6053524
TLM_COMPARE_DIRECT call=1099 phase=tlm_multiply_gcd_reverse_body n=19 k=19 split=0 ops_start=6056927 ops_end=6057199
TLM_COMPARE_DIRECT call=1100 phase=tlm_apply_forward_mod_add_clean n=19 k=19 split=0 ops_start=6064560 ops_end=6064834
TLM_COMPARE_DIRECT call=1101 phase=tlm_multiply_gcd_reverse_body n=19 k=19 split=0 ops_start=6068237 ops_end=6068509
TLM_COMPARE_DIRECT call=1102 phase=tlm_apply_forward_mod_add_clean n=19 k=19 split=0 ops_start=6075482 ops_end=6075756
TLM_COMPARE_DIRECT call=1103 phase=tlm_multiply_gcd_reverse_body n=20 k=20 split=0 ops_start=6079175 ops_end=6079461
TLM_COMPARE_DIRECT call=1104 phase=tlm_apply_forward_mod_add_clean n=19 k=19 split=0 ops_start=6086408 ops_end=6086682
TLM_COMPARE_DIRECT call=1105 phase=tlm_multiply_gcd_reverse_body n=21 k=21 split=0 ops_start=6090117 ops_end=6090417
TLM_COMPARE_DIRECT call=1106 phase=tlm_apply_forward_mod_add_clean n=19 k=19 split=0 ops_start=6097559 ops_end=6097833
TLM_COMPARE_DIRECT call=1107 phase=tlm_multiply_gcd_reverse_body n=22 k=22 split=0 ops_start=6101284 ops_end=6101598
TLM_COMPARE_DIRECT call=1108 phase=tlm_apply_forward_mod_add_clean n=19 k=19 split=0 ops_start=6108553 ops_end=6108827
TLM_COMPARE_DIRECT call=1109 phase=tlm_multiply_gcd_reverse_body n=23 k=23 split=0 ops_start=6112294 ops_end=6112622
TLM_COMPARE_DIRECT call=1110 phase=tlm_apply_forward_mod_add_clean n=19 k=19 split=0 ops_start=6119285 ops_end=6119559
TLM_COMPARE_DIRECT call=1111 phase=tlm_multiply_gcd_reverse_body n=24 k=24 split=0 ops_start=6123042 ops_end=6123384
TLM_COMPARE_DIRECT call=1112 phase=tlm_apply_forward_mod_add_clean n=19 k=19 split=0 ops_start=6131073 ops_end=6131347
TLM_COMPARE_DIRECT call=1113 phase=tlm_multiply_gcd_reverse_body n=26 k=26 split=0 ops_start=6134878 ops_end=6135248
TLM_COMPARE_DIRECT call=1114 phase=tlm_apply_forward_mod_add_clean n=19 k=19 split=0 ops_start=6142758 ops_end=6143032
TLM_COMPARE_DIRECT call=1115 phase=tlm_multiply_gcd_reverse_body n=27 k=27 split=0 ops_start=6146579 ops_end=6146963
TLM_COMPARE_DIRECT call=1116 phase=tlm_apply_forward_mod_add_clean n=19 k=19 split=0 ops_start=6154203 ops_end=6154477
TLM_COMPARE_DIRECT call=1117 phase=tlm_multiply_gcd_reverse_body n=28 k=28 split=0 ops_start=6158040 ops_end=6158438
TLM_COMPARE_DIRECT call=1118 phase=tlm_apply_forward_mod_add_clean n=19 k=19 split=0 ops_start=6166115 ops_end=6166389
TLM_COMPARE_DIRECT call=1119 phase=tlm_multiply_gcd_reverse_body n=29 k=29 split=0 ops_start=6169968 ops_end=6170380
TLM_COMPARE_DIRECT call=1120 phase=tlm_apply_forward_mod_add_clean n=19 k=19 split=0 ops_start=6177628 ops_end=6177902
TLM_COMPARE_DIRECT call=1121 phase=tlm_multiply_gcd_reverse_body n=30 k=30 split=0 ops_start=6181497 ops_end=6181923
TLM_COMPARE_DIRECT call=1122 phase=tlm_apply_forward_mod_add_clean n=19 k=19 split=0 ops_start=6188928 ops_end=6189202
TLM_COMPARE_DIRECT call=1123 phase=tlm_multiply_gcd_reverse_body n=31 k=31 split=0 ops_start=6192813 ops_end=6193253
TLM_COMPARE_DIRECT call=1124 phase=tlm_apply_forward_mod_add_clean n=19 k=19 split=0 ops_start=6200668 ops_end=6200942
TLM_COMPARE_DIRECT call=1125 phase=tlm_multiply_gcd_reverse_body n=32 k=32 split=0 ops_start=6204569 ops_end=6205023
TLM_COMPARE_DIRECT call=1126 phase=tlm_apply_forward_mod_add_clean n=19 k=19 split=0 ops_start=6212036 ops_end=6212310
TLM_COMPARE_DIRECT call=1127 phase=tlm_multiply_gcd_reverse_body n=33 k=33 split=0 ops_start=6215953 ops_end=6216421
TLM_COMPARE_DIRECT call=1128 phase=tlm_apply_forward_mod_add_clean n=19 k=19 split=0 ops_start=6223426 ops_end=6223700
TLM_COMPARE_DIRECT call=1129 phase=tlm_multiply_gcd_reverse_body n=34 k=34 split=0 ops_start=6227359 ops_end=6227841
TLM_COMPARE_DIRECT call=1130 phase=tlm_apply_forward_mod_add_clean n=19 k=19 split=0 ops_start=6235021 ops_end=6235295
TLM_COMPARE_DIRECT call=1131 phase=tlm_multiply_gcd_reverse_body n=35 k=33 split=2 ops_start=6238970 ops_end=6239454
TLM_COMPARE_DIRECT call=1132 phase=tlm_apply_forward_mod_add_clean n=19 k=19 split=0 ops_start=6246467 ops_end=6246741
TLM_COMPARE_DIRECT call=1133 phase=tlm_multiply_gcd_reverse_body n=36 k=34 split=2 ops_start=6250432 ops_end=6250930
TLM_COMPARE_DIRECT call=1134 phase=tlm_apply_forward_mod_add_clean n=19 k=19 split=0 ops_start=6257623 ops_end=6257897
TLM_COMPARE_DIRECT call=1135 phase=tlm_multiply_gcd_reverse_body n=37 k=35 split=2 ops_start=6261604 ops_end=6262116
TLM_COMPARE_DIRECT call=1136 phase=tlm_apply_forward_mod_add_clean n=19 k=19 split=0 ops_start=6269296 ops_end=6269570
TLM_COMPARE_DIRECT call=1137 phase=tlm_multiply_gcd_reverse_body n=38 k=34 split=4 ops_start=6273326 ops_end=6273840
TLM_COMPARE_DIRECT call=1138 phase=tlm_apply_forward_mod_add_clean n=19 k=19 split=0 ops_start=6280541 ops_end=6280815
TLM_COMPARE_DIRECT call=1139 phase=tlm_multiply_gcd_reverse_body n=39 k=35 split=4 ops_start=6284587 ops_end=6285115
TLM_COMPARE_DIRECT call=1140 phase=tlm_apply_forward_mod_add_clean n=19 k=19 split=0 ops_start=6291820 ops_end=6292094
TLM_COMPARE_DIRECT call=1141 phase=tlm_multiply_gcd_reverse_body n=40 k=36 split=4 ops_start=6295882 ops_end=6296424
TLM_COMPARE_DIRECT call=1142 phase=tlm_apply_forward_mod_add_clean n=19 k=19 split=0 ops_start=6303292 ops_end=6303566
TLM_COMPARE_DIRECT call=1143 phase=tlm_multiply_gcd_reverse_body n=41 k=35 split=6 ops_start=6307398 ops_end=6307942
TLM_COMPARE_DIRECT call=1144 phase=tlm_apply_forward_mod_add_clean n=19 k=19 split=0 ops_start=6314655 ops_end=6314929
TLM_COMPARE_DIRECT call=1145 phase=tlm_multiply_gcd_reverse_body n=42 k=36 split=6 ops_start=6318777 ops_end=6319335
TLM_COMPARE_DIRECT call=1146 phase=tlm_apply_forward_mod_add_clean n=19 k=19 split=0 ops_start=6325739 ops_end=6326013
TLM_COMPARE_DIRECT call=1147 phase=tlm_multiply_gcd_reverse_body n=43 k=37 split=6 ops_start=6329877 ops_end=6330449
TLM_COMPARE_DIRECT call=1148 phase=tlm_apply_forward_mod_add_clean n=19 k=19 split=0 ops_start=6337329 ops_end=6337603
TLM_COMPARE_DIRECT call=1149 phase=tlm_multiply_gcd_reverse_body n=44 k=36 split=8 ops_start=6341511 ops_end=6342085
TLM_COMPARE_DIRECT call=1150 phase=tlm_apply_forward_mod_add_clean n=19 k=19 split=0 ops_start=6348497 ops_end=6348771
TLM_COMPARE_DIRECT call=1151 phase=tlm_multiply_gcd_reverse_body n=44 k=37 split=7 ops_start=6352695 ops_end=6353275
TLM_COMPARE_DIRECT call=1152 phase=tlm_apply_forward_mod_add_clean n=19 k=19 split=0 ops_start=6359655 ops_end=6359929
TLM_COMPARE_DIRECT call=1153 phase=tlm_multiply_gcd_reverse_body n=45 k=38 split=7 ops_start=6363869 ops_end=6364463
TLM_COMPARE_DIRECT call=1154 phase=tlm_apply_forward_mod_add_clean n=19 k=19 split=0 ops_start=6371042 ops_end=6371316
TLM_COMPARE_DIRECT call=1155 phase=tlm_multiply_gcd_reverse_body n=46 k=37 split=9 ops_start=6375300 ops_end=6375896
TLM_COMPARE_DIRECT call=1156 phase=tlm_apply_forward_mod_add_clean n=19 k=19 split=0 ops_start=6382284 ops_end=6382558
TLM_COMPARE_DIRECT call=1157 phase=tlm_multiply_gcd_reverse_body n=47 k=38 split=9 ops_start=6386558 ops_end=6387168
TLM_COMPARE_DIRECT call=1158 phase=tlm_apply_forward_mod_add_clean n=19 k=19 split=0 ops_start=6393572 ops_end=6393846
TLM_COMPARE_DIRECT call=1159 phase=tlm_multiply_gcd_reverse_body n=48 k=39 split=9 ops_start=6397862 ops_end=6398486
TLM_COMPARE_DIRECT call=1160 phase=tlm_apply_forward_mod_add_clean n=19 k=19 split=0 ops_start=6405041 ops_end=6405315
TLM_COMPARE_DIRECT call=1161 phase=tlm_multiply_gcd_reverse_body n=49 k=38 split=11 ops_start=6409375 ops_end=6410001
TLM_COMPARE_DIRECT call=1162 phase=tlm_apply_forward_mod_add_clean n=19 k=19 split=0 ops_start=6416413 ops_end=6416687
TLM_COMPARE_DIRECT call=1163 phase=tlm_multiply_gcd_reverse_body n=50 k=39 split=11 ops_start=6420763 ops_end=6421403
TLM_COMPARE_DIRECT call=1164 phase=tlm_apply_forward_mod_add_clean n=19 k=19 split=0 ops_start=6427807 ops_end=6428081
TLM_COMPARE_DIRECT call=1165 phase=tlm_multiply_gcd_reverse_body n=51 k=40 split=11 ops_start=6432173 ops_end=6432827
TLM_COMPARE_DIRECT call=1166 phase=tlm_apply_forward_mod_add_clean n=19 k=19 split=0 ops_start=6439406 ops_end=6439680
TLM_COMPARE_DIRECT call=1167 phase=tlm_multiply_gcd_reverse_body n=52 k=39 split=13 ops_start=6443816 ops_end=6444472
TLM_COMPARE_DIRECT call=1168 phase=tlm_apply_forward_mod_add_clean n=19 k=19 split=0 ops_start=6450884 ops_end=6451158
TLM_COMPARE_DIRECT call=1169 phase=tlm_multiply_gcd_reverse_body n=52 k=40 split=12 ops_start=6455310 ops_end=6455972
TLM_COMPARE_DIRECT call=1170 phase=tlm_apply_forward_mod_add_clean n=19 k=19 split=0 ops_start=6462075 ops_end=6462349
TLM_COMPARE_DIRECT call=1171 phase=tlm_multiply_gcd_reverse_body n=52 k=41 split=11 ops_start=6466517 ops_end=6467185
TLM_COMPARE_DIRECT call=1172 phase=tlm_apply_forward_mod_add_clean n=19 k=19 split=0 ops_start=6473764 ops_end=6474038
TLM_COMPARE_DIRECT call=1173 phase=tlm_multiply_gcd_reverse_body n=52 k=40 split=12 ops_start=6478250 ops_end=6478912
TLM_COMPARE_DIRECT call=1174 phase=tlm_apply_forward_mod_add_clean n=19 k=19 split=0 ops_start=6485023 ops_end=6485297
TLM_COMPARE_DIRECT call=1175 phase=tlm_multiply_gcd_reverse_body n=52 k=41 split=11 ops_start=6489525 ops_end=6490193
TLM_COMPARE_DIRECT call=1176 phase=tlm_apply_forward_mod_add_clean n=19 k=19 split=0 ops_start=6496282 ops_end=6496556
TLM_COMPARE_DIRECT call=1177 phase=tlm_multiply_gcd_reverse_body n=52 k=42 split=10 ops_start=6500800 ops_end=6501474
TLM_COMPARE_DIRECT call=1178 phase=tlm_apply_forward_mod_add_clean n=19 k=19 split=0 ops_start=6507752 ops_end=6508026
TLM_COMPARE_DIRECT call=1179 phase=tlm_multiply_gcd_reverse_body n=51 k=41 split=10 ops_start=6512314 ops_end=6512974
TLM_COMPARE_DIRECT call=1180 phase=tlm_apply_forward_mod_add_clean n=19 k=19 split=0 ops_start=6519071 ops_end=6519345
TLM_COMPARE_DIRECT call=1181 phase=tlm_multiply_gcd_reverse_body n=52 k=42 split=10 ops_start=6523649 ops_end=6524323
TLM_COMPARE_DIRECT call=1182 phase=tlm_apply_forward_mod_add_clean n=19 k=19 split=0 ops_start=6530424 ops_end=6530698
TLM_COMPARE_DIRECT call=1183 phase=tlm_multiply_gcd_reverse_body n=50 k=43 split=7 ops_start=6535018 ops_end=6535682
TLM_COMPARE_DIRECT call=1184 phase=tlm_apply_forward_mod_add_clean n=19 k=19 split=0 ops_start=6541946 ops_end=6542220
TLM_COMPARE_DIRECT call=1185 phase=tlm_multiply_gcd_reverse_body n=51 k=42 split=9 ops_start=6546584 ops_end=6547250
TLM_COMPARE_DIRECT call=1186 phase=tlm_apply_forward_mod_add_clean n=19 k=19 split=0 ops_start=6553359 ops_end=6553633
TLM_COMPARE_DIRECT call=1187 phase=tlm_multiply_gcd_reverse_body n=51 k=43 split=8 ops_start=6558013 ops_end=6558685
TLM_COMPARE_DIRECT call=1188 phase=tlm_apply_forward_mod_add_clean n=19 k=19 split=0 ops_start=6564798 ops_end=6565072
TLM_COMPARE_DIRECT call=1189 phase=tlm_multiply_gcd_reverse_body n=49 k=44 split=5 ops_start=6569468 ops_end=6570130
TLM_COMPARE_DIRECT call=1190 phase=tlm_apply_forward_mod_add_clean n=19 k=19 split=0 ops_start=6576406 ops_end=6576680
TLM_COMPARE_DIRECT call=1191 phase=tlm_multiply_gcd_reverse_body n=50 k=43 split=7 ops_start=6581120 ops_end=6581784
TLM_COMPARE_DIRECT call=1192 phase=tlm_apply_forward_mod_add_clean n=19 k=19 split=0 ops_start=6587905 ops_end=6588179
TLM_COMPARE_DIRECT call=1193 phase=tlm_multiply_gcd_reverse_body n=48 k=44 split=4 ops_start=6592635 ops_end=6593289
TLM_COMPARE_DIRECT call=1194 phase=tlm_apply_forward_mod_add_clean n=19 k=19 split=0 ops_start=6599400 ops_end=6599674
TLM_COMPARE_DIRECT call=1195 phase=tlm_multiply_gcd_reverse_body n=48 k=45 split=3 ops_start=6603380 ops_end=6604040
TLM_COMPARE_DIRECT call=1196 phase=tlm_apply_forward_mod_add_clean n=19 k=19 split=0 ops_start=6610328 ops_end=6610602
TLM_COMPARE_DIRECT call=1197 phase=tlm_multiply_gcd_reverse_body n=48 k=44 split=4 ops_start=6615118 ops_end=6615772
TLM_COMPARE_DIRECT call=1198 phase=tlm_apply_forward_mod_add_clean n=19 k=19 split=0 ops_start=6621891 ops_end=6622165
TLM_COMPARE_DIRECT call=1199 phase=tlm_multiply_gcd_reverse_body n=49 k=45 split=4 ops_start=6625931 ops_end=6626599
TLM_COMPARE_DIRECT call=1200 phase=tlm_apply_forward_mod_add_clean n=19 k=19 split=0 ops_start=6632393 ops_end=6632667
TLM_COMPARE_DIRECT call=1201 phase=tlm_multiply_gcd_reverse_body n=48 k=46 split=2 ops_start=6636453 ops_end=6637119
TLM_COMPARE_DIRECT call=1202 phase=tlm_apply_forward_mod_add_clean n=19 k=19 split=0 ops_start=6643405 ops_end=6643679
TLM_COMPARE_DIRECT call=1203 phase=tlm_multiply_gcd_reverse_body n=48 k=45 split=3 ops_start=6647477 ops_end=6648137
TLM_COMPARE_DIRECT call=1204 phase=tlm_apply_forward_mod_add_clean n=19 k=19 split=0 ops_start=6653939 ops_end=6654213
TLM_COMPARE_DIRECT call=1205 phase=tlm_multiply_gcd_reverse_body n=48 k=46 split=2 ops_start=6658031 ops_end=6658697
TLM_COMPARE_DIRECT call=1206 phase=tlm_apply_forward_mod_add_clean n=19 k=19 split=0 ops_start=6664503 ops_end=6664777
TLM_COMPARE_DIRECT call=1207 phase=tlm_multiply_gcd_reverse_body n=48 k=47 split=1 ops_start=6668615 ops_end=6669287
TLM_COMPARE_DIRECT call=1208 phase=tlm_apply_forward_mod_add_clean n=19 k=19 split=0 ops_start=6675256 ops_end=6675530
TLM_COMPARE_DIRECT call=1209 phase=tlm_multiply_gcd_reverse_body n=48 k=46 split=2 ops_start=6679345 ops_end=6680011
TLM_COMPARE_DIRECT call=1210 phase=tlm_apply_forward_mod_add_clean n=19 k=19 split=0 ops_start=6685825 ops_end=6686099
TLM_COMPARE_DIRECT call=1211 phase=tlm_multiply_gcd_reverse_body n=48 k=47 split=1 ops_start=6689934 ops_end=6690606
TLM_COMPARE_DIRECT call=1212 phase=tlm_apply_forward_mod_add_clean n=19 k=19 split=0 ops_start=6696398 ops_end=6696672
TLM_COMPARE_DIRECT call=1213 phase=tlm_multiply_gcd_reverse_body n=49 k=48 split=1 ops_start=6700527 ops_end=6701213
TLM_COMPARE_DIRECT call=1214 phase=tlm_apply_forward_mod_add_clean n=19 k=19 split=0 ops_start=6707194 ops_end=6707468
TLM_COMPARE_DIRECT call=1215 phase=tlm_multiply_gcd_reverse_body n=48 k=47 split=1 ops_start=6711335 ops_end=6712007
TLM_COMPARE_DIRECT call=1216 phase=tlm_apply_forward_mod_add_clean n=19 k=19 split=0 ops_start=6717807 ops_end=6718081
TLM_COMPARE_DIRECT call=1217 phase=tlm_multiply_gcd_reverse_body n=47 k=47 split=0 ops_start=6721968 ops_end=6722632
TLM_COMPARE_DIRECT call=1218 phase=tlm_apply_forward_mod_add_clean n=19 k=19 split=0 ops_start=6728436 ops_end=6728710
TLM_COMPARE_DIRECT call=1219 phase=tlm_multiply_gcd_reverse_body n=47 k=47 split=0 ops_start=6732617 ops_end=6733281
TLM_COMPARE_DIRECT call=1220 phase=tlm_apply_forward_mod_add_clean n=19 k=19 split=0 ops_start=6739248 ops_end=6739522
TLM_COMPARE_DIRECT call=1221 phase=tlm_multiply_gcd_reverse_body n=47 k=47 split=0 ops_start=6743441 ops_end=6744105
TLM_COMPARE_DIRECT call=1222 phase=tlm_apply_forward_mod_add_clean n=19 k=19 split=0 ops_start=6749917 ops_end=6750191
TLM_COMPARE_DIRECT call=1223 phase=tlm_multiply_gcd_reverse_body n=47 k=47 split=0 ops_start=6754130 ops_end=6754794
TLM_COMPARE_DIRECT call=1224 phase=tlm_apply_forward_mod_add_clean n=19 k=19 split=0 ops_start=6760606 ops_end=6760880
TLM_COMPARE_DIRECT call=1225 phase=tlm_multiply_gcd_reverse_body n=47 k=47 split=0 ops_start=6764836 ops_end=6765500
TLM_COMPARE_DIRECT call=1226 phase=tlm_apply_forward_mod_add_clean n=19 k=19 split=0 ops_start=6771479 ops_end=6771753
TLM_COMPARE_DIRECT call=1227 phase=tlm_multiply_gcd_reverse_body n=47 k=47 split=0 ops_start=6775724 ops_end=6776388
TLM_COMPARE_DIRECT call=1228 phase=tlm_apply_forward_mod_add_clean n=19 k=19 split=0 ops_start=6782208 ops_end=6782482
TLM_COMPARE_DIRECT call=1229 phase=tlm_multiply_gcd_reverse_body n=47 k=47 split=0 ops_start=6786470 ops_end=6787134
TLM_COMPARE_DIRECT call=1230 phase=tlm_apply_forward_mod_add_clean n=19 k=19 split=0 ops_start=6792942 ops_end=6793216
TLM_COMPARE_DIRECT call=1231 phase=tlm_multiply_gcd_reverse_body n=46 k=46 split=0 ops_start=6797220 ops_end=6797870
TLM_COMPARE_DIRECT call=1232 phase=tlm_apply_forward_mod_add_clean n=19 k=19 split=0 ops_start=6803857 ops_end=6804131
TLM_COMPARE_DIRECT call=1233 phase=tlm_multiply_gcd_reverse_body n=46 k=46 split=0 ops_start=6808151 ops_end=6808801
TLM_COMPARE_DIRECT call=1234 phase=tlm_apply_forward_mod_add_clean n=19 k=19 split=0 ops_start=6814617 ops_end=6814891
TLM_COMPARE_DIRECT call=1235 phase=tlm_multiply_gcd_reverse_body n=47 k=47 split=0 ops_start=6818927 ops_end=6819591
TLM_COMPARE_DIRECT call=1236 phase=tlm_apply_forward_mod_add_clean n=19 k=19 split=0 ops_start=6825411 ops_end=6825685
TLM_COMPARE_DIRECT call=1237 phase=tlm_multiply_gcd_reverse_body n=46 k=46 split=0 ops_start=6829741 ops_end=6830391
TLM_COMPARE_DIRECT call=1238 phase=tlm_apply_forward_mod_add_clean n=19 k=19 split=0 ops_start=6836374 ops_end=6836648
TLM_COMPARE_DIRECT call=1239 phase=tlm_multiply_gcd_reverse_body n=46 k=46 split=0 ops_start=6840716 ops_end=6841366
TLM_COMPARE_DIRECT call=1240 phase=tlm_apply_forward_mod_add_clean n=19 k=19 split=0 ops_start=6847194 ops_end=6847468
TLM_COMPARE_DIRECT call=1241 phase=tlm_multiply_gcd_reverse_body n=47 k=47 split=0 ops_start=6851556 ops_end=6852220
TLM_COMPARE_DIRECT call=1242 phase=tlm_apply_forward_mod_add_clean n=19 k=19 split=0 ops_start=6858026 ops_end=6858300
TLM_COMPARE_DIRECT call=1243 phase=tlm_multiply_gcd_reverse_body n=46 k=46 split=0 ops_start=6862408 ops_end=6863058
TLM_COMPARE_DIRECT call=1244 phase=tlm_apply_forward_mod_add_clean n=19 k=19 split=0 ops_start=6869053 ops_end=6869327
TLM_COMPARE_DIRECT call=1245 phase=tlm_multiply_gcd_reverse_body n=46 k=46 split=0 ops_start=6873447 ops_end=6874097
TLM_COMPARE_DIRECT call=1246 phase=tlm_apply_forward_mod_add_clean n=19 k=19 split=0 ops_start=6879911 ops_end=6880185
TLM_COMPARE_DIRECT call=1247 phase=tlm_multiply_gcd_reverse_body n=46 k=46 split=0 ops_start=6884325 ops_end=6884975
TLM_COMPARE_DIRECT call=1248 phase=tlm_apply_forward_mod_add_clean n=19 k=19 split=0 ops_start=6890486 ops_end=6890760
TLM_COMPARE_DIRECT call=1249 phase=tlm_multiply_gcd_reverse_body n=45 k=45 split=0 ops_start=6894924 ops_end=6895560
TLM_COMPARE_DIRECT call=1250 phase=tlm_apply_forward_mod_add_clean n=19 k=19 split=0 ops_start=6901541 ops_end=6901815
TLM_COMPARE_DIRECT call=1251 phase=tlm_multiply_gcd_reverse_body n=45 k=45 split=0 ops_start=6905987 ops_end=6906623
TLM_COMPARE_DIRECT call=1252 phase=tlm_apply_forward_mod_add_clean n=19 k=19 split=0 ops_start=6912142 ops_end=6912416
TLM_COMPARE_DIRECT call=1253 phase=tlm_multiply_gcd_reverse_body n=46 k=46 split=0 ops_start=6916612 ops_end=6917262
TLM_COMPARE_DIRECT call=1254 phase=tlm_apply_forward_mod_add_clean n=19 k=19 split=0 ops_start=6922785 ops_end=6923059
TLM_COMPARE_DIRECT call=1255 phase=tlm_multiply_gcd_reverse_body n=45 k=45 split=0 ops_start=6927271 ops_end=6927907
TLM_COMPARE_DIRECT call=1256 phase=tlm_apply_forward_mod_add_clean n=19 k=19 split=0 ops_start=6933593 ops_end=6933867
TLM_COMPARE_DIRECT call=1257 phase=tlm_multiply_gcd_reverse_body n=45 k=45 split=0 ops_start=6938095 ops_end=6938731
TLM_COMPARE_DIRECT call=1258 phase=tlm_apply_forward_mod_add_clean n=19 k=19 split=0 ops_start=6944262 ops_end=6944536
TLM_COMPARE_DIRECT call=1259 phase=tlm_multiply_gcd_reverse_body n=45 k=45 split=0 ops_start=6948780 ops_end=6949416
TLM_COMPARE_DIRECT call=1260 phase=tlm_apply_forward_mod_add_clean n=19 k=19 split=0 ops_start=6954951 ops_end=6955225
TLM_COMPARE_DIRECT call=1261 phase=tlm_multiply_gcd_reverse_body n=45 k=45 split=0 ops_start=6959485 ops_end=6960121
TLM_COMPARE_DIRECT call=1262 phase=tlm_apply_forward_mod_add_clean n=19 k=19 split=0 ops_start=6965819 ops_end=6966093
TLM_COMPARE_DIRECT call=1263 phase=tlm_multiply_gcd_reverse_body n=45 k=45 split=0 ops_start=6970369 ops_end=6971005
TLM_COMPARE_DIRECT call=1264 phase=tlm_apply_forward_mod_add_clean n=19 k=19 split=0 ops_start=6976548 ops_end=6976822
TLM_COMPARE_DIRECT call=1265 phase=tlm_multiply_gcd_reverse_body n=46 k=46 split=0 ops_start=6981114 ops_end=6981764
TLM_COMPARE_DIRECT call=1266 phase=tlm_apply_forward_mod_add_clean n=19 k=19 split=0 ops_start=6987311 ops_end=6987585
TLM_COMPARE_DIRECT call=1267 phase=tlm_multiply_gcd_reverse_body n=44 k=44 split=0 ops_start=6991893 ops_end=6992515
TLM_COMPARE_DIRECT call=1268 phase=tlm_apply_forward_mod_add_clean n=19 k=19 split=0 ops_start=6998225 ops_end=6998499
TLM_COMPARE_DIRECT call=1269 phase=tlm_multiply_gcd_reverse_body n=45 k=45 split=0 ops_start=7002823 ops_end=7003459
TLM_COMPARE_DIRECT call=1270 phase=tlm_apply_forward_mod_add_clean n=19 k=19 split=0 ops_start=7009014 ops_end=7009288
TLM_COMPARE_DIRECT call=1271 phase=tlm_multiply_gcd_reverse_body n=45 k=45 split=0 ops_start=7013628 ops_end=7014264
TLM_COMPARE_DIRECT call=1272 phase=tlm_apply_forward_mod_add_clean n=19 k=19 split=0 ops_start=7019823 ops_end=7020097
TLM_COMPARE_DIRECT call=1273 phase=tlm_multiply_gcd_reverse_body n=44 k=44 split=0 ops_start=7024453 ops_end=7025075
TLM_COMPARE_DIRECT call=1274 phase=tlm_apply_forward_mod_add_clean n=19 k=19 split=0 ops_start=7030797 ops_end=7031071
TLM_COMPARE_DIRECT call=1275 phase=tlm_multiply_gcd_reverse_body n=44 k=44 split=0 ops_start=7035443 ops_end=7036065
TLM_COMPARE_DIRECT call=1276 phase=tlm_apply_forward_mod_add_clean n=19 k=19 split=0 ops_start=7041632 ops_end=7041906
TLM_COMPARE_DIRECT call=1277 phase=tlm_multiply_gcd_reverse_body n=44 k=44 split=0 ops_start=7046294 ops_end=7046916
TLM_COMPARE_DIRECT call=1278 phase=tlm_apply_forward_mod_add_clean n=19 k=19 split=0 ops_start=7052487 ops_end=7052761
TLM_COMPARE_DIRECT call=1279 phase=tlm_multiply_gcd_reverse_body n=44 k=44 split=0 ops_start=7057165 ops_end=7057787
TLM_COMPARE_DIRECT call=1280 phase=tlm_apply_forward_mod_add_clean n=19 k=19 split=0 ops_start=7063521 ops_end=7063795
TLM_COMPARE_DIRECT call=1281 phase=tlm_multiply_gcd_reverse_body n=44 k=44 split=0 ops_start=7068215 ops_end=7068837
TLM_COMPARE_DIRECT call=1282 phase=tlm_apply_forward_mod_add_clean n=19 k=19 split=0 ops_start=7074416 ops_end=7074690
TLM_COMPARE_DIRECT call=1283 phase=tlm_multiply_gcd_reverse_body n=43 k=43 split=0 ops_start=7079126 ops_end=7079734
TLM_COMPARE_DIRECT call=1284 phase=tlm_apply_forward_mod_add_clean n=19 k=19 split=0 ops_start=7085317 ops_end=7085591
TLM_COMPARE_DIRECT call=1285 phase=tlm_multiply_gcd_reverse_body n=44 k=44 split=0 ops_start=7090043 ops_end=7090665
TLM_COMPARE_DIRECT call=1286 phase=tlm_apply_forward_mod_add_clean n=19 k=19 split=0 ops_start=7096411 ops_end=7096685
TLM_COMPARE_DIRECT call=1287 phase=tlm_multiply_gcd_reverse_body n=44 k=44 split=0 ops_start=7101153 ops_end=7101775
TLM_COMPARE_DIRECT call=1288 phase=tlm_apply_forward_mod_add_clean n=19 k=19 split=0 ops_start=7107366 ops_end=7107640
TLM_COMPARE_DIRECT call=1289 phase=tlm_multiply_gcd_reverse_body n=43 k=43 split=0 ops_start=7112124 ops_end=7112732
TLM_COMPARE_DIRECT call=1290 phase=tlm_apply_forward_mod_add_clean n=19 k=19 split=0 ops_start=7118327 ops_end=7118601
TLM_COMPARE_DIRECT call=1291 phase=tlm_multiply_gcd_reverse_body n=44 k=44 split=0 ops_start=7123101 ops_end=7123723
TLM_COMPARE_DIRECT call=1292 phase=tlm_apply_forward_mod_add_clean n=19 k=19 split=0 ops_start=7129481 ops_end=7129755
TLM_COMPARE_DIRECT call=1293 phase=tlm_multiply_gcd_reverse_body n=43 k=43 split=0 ops_start=7134271 ops_end=7134879
TLM_COMPARE_DIRECT call=1294 phase=tlm_apply_forward_mod_add_clean n=19 k=19 split=0 ops_start=7140482 ops_end=7140756
TLM_COMPARE_DIRECT call=1295 phase=tlm_multiply_gcd_reverse_body n=43 k=43 split=0 ops_start=7145288 ops_end=7145896
TLM_COMPARE_DIRECT call=1296 phase=tlm_apply_forward_mod_add_clean n=19 k=19 split=0 ops_start=7151503 ops_end=7151777
TLM_COMPARE_DIRECT call=1297 phase=tlm_multiply_gcd_reverse_body n=44 k=44 split=0 ops_start=7156626 ops_end=7157248
TLM_COMPARE_DIRECT call=1298 phase=tlm_apply_forward_mod_add_clean n=19 k=19 split=0 ops_start=7163022 ops_end=7163296
TLM_COMPARE_DIRECT call=1299 phase=tlm_multiply_gcd_reverse_body n=43 k=43 split=0 ops_start=7167860 ops_end=7168468
TLM_COMPARE_DIRECT call=1300 phase=tlm_apply_forward_mod_add_clean n=19 k=19 split=0 ops_start=7174083 ops_end=7174357
TLM_COMPARE_DIRECT call=1301 phase=tlm_multiply_gcd_reverse_body n=44 k=44 split=0 ops_start=7179238 ops_end=7179860
TLM_COMPARE_DIRECT call=1302 phase=tlm_apply_forward_mod_add_clean n=19 k=19 split=0 ops_start=7185483 ops_end=7185757
TLM_COMPARE_DIRECT call=1303 phase=tlm_multiply_gcd_reverse_body n=43 k=43 split=0 ops_start=7190654 ops_end=7191262
TLM_COMPARE_DIRECT call=1304 phase=tlm_apply_forward_mod_add_clean n=19 k=19 split=0 ops_start=7197048 ops_end=7197322
TLM_COMPARE_DIRECT call=1305 phase=tlm_multiply_gcd_reverse_body n=44 k=44 split=0 ops_start=7202235 ops_end=7202857
TLM_COMPARE_DIRECT call=1306 phase=tlm_apply_forward_mod_add_clean n=19 k=19 split=0 ops_start=7208488 ops_end=7208762
TLM_COMPARE_DIRECT call=1307 phase=tlm_multiply_gcd_reverse_body n=42 k=42 split=0 ops_start=7213390 ops_end=7213984
TLM_COMPARE_DIRECT call=1308 phase=tlm_apply_forward_mod_add_clean n=19 k=19 split=0 ops_start=7219615 ops_end=7219889
TLM_COMPARE_DIRECT call=1309 phase=tlm_multiply_gcd_reverse_body n=43 k=43 split=0 ops_start=7224533 ops_end=7225141
TLM_COMPARE_DIRECT call=1310 phase=tlm_apply_forward_mod_add_clean n=19 k=19 split=0 ops_start=7230935 ops_end=7231209
TLM_COMPARE_DIRECT call=1311 phase=tlm_multiply_gcd_reverse_body n=42 k=42 split=0 ops_start=7236154 ops_end=7236748
TLM_COMPARE_DIRECT call=1312 phase=tlm_apply_forward_mod_add_clean n=19 k=19 split=0 ops_start=7242387 ops_end=7242661
TLM_COMPARE_DIRECT call=1313 phase=tlm_multiply_gcd_reverse_body n=42 k=42 split=0 ops_start=7247622 ops_end=7248216
TLM_COMPARE_DIRECT call=1314 phase=tlm_apply_forward_mod_add_clean n=19 k=19 split=0 ops_start=7253546 ops_end=7253820
TLM_COMPARE_DIRECT call=1315 phase=tlm_multiply_gcd_reverse_body n=43 k=43 split=0 ops_start=7258512 ops_end=7259120
TLM_COMPARE_DIRECT call=1316 phase=tlm_apply_forward_mod_add_clean n=19 k=19 split=0 ops_start=7264926 ops_end=7265200
TLM_COMPARE_DIRECT call=1317 phase=tlm_multiply_gcd_reverse_body n=43 k=43 split=0 ops_start=7270193 ops_end=7270801
TLM_COMPARE_DIRECT call=1318 phase=tlm_apply_forward_mod_add_clean n=19 k=19 split=0 ops_start=7276452 ops_end=7276726
TLM_COMPARE_DIRECT call=1319 phase=tlm_multiply_gcd_reverse_body n=42 k=42 split=0 ops_start=7281751 ops_end=7282345
TLM_COMPARE_DIRECT call=1320 phase=tlm_apply_forward_mod_add_clean n=19 k=19 split=0 ops_start=7288004 ops_end=7288278
TLM_COMPARE_DIRECT call=1321 phase=tlm_multiply_gcd_reverse_body n=43 k=43 split=0 ops_start=7293319 ops_end=7293927
TLM_COMPARE_DIRECT call=1322 phase=tlm_apply_forward_mod_add_clean n=19 k=19 split=0 ops_start=7299749 ops_end=7300023
TLM_COMPARE_DIRECT call=1323 phase=tlm_multiply_gcd_reverse_body n=43 k=43 split=0 ops_start=7305080 ops_end=7305688
TLM_COMPARE_DIRECT call=1324 phase=tlm_apply_forward_mod_add_clean n=19 k=19 split=0 ops_start=7311355 ops_end=7311629
TLM_COMPARE_DIRECT call=1325 phase=tlm_multiply_gcd_reverse_body n=43 k=43 split=0 ops_start=7316702 ops_end=7317310
TLM_COMPARE_DIRECT call=1326 phase=tlm_apply_forward_mod_add_clean n=19 k=19 split=0 ops_start=7322668 ops_end=7322942
TLM_COMPARE_DIRECT call=1327 phase=tlm_multiply_gcd_reverse_body n=43 k=43 split=0 ops_start=7328031 ops_end=7328639
TLM_COMPARE_DIRECT call=1328 phase=tlm_apply_forward_mod_add_clean n=19 k=19 split=0 ops_start=7334473 ops_end=7334747
TLM_COMPARE_DIRECT call=1329 phase=tlm_multiply_gcd_reverse_body n=42 k=42 split=0 ops_start=7339852 ops_end=7340446
TLM_COMPARE_DIRECT call=1330 phase=tlm_apply_forward_mod_add_clean n=19 k=19 split=0 ops_start=7345812 ops_end=7346086
TLM_COMPARE_DIRECT call=1331 phase=tlm_multiply_gcd_reverse_body n=42 k=42 split=0 ops_start=7351207 ops_end=7351801
TLM_COMPARE_DIRECT call=1332 phase=tlm_apply_forward_mod_add_clean n=19 k=19 split=0 ops_start=7357171 ops_end=7357445
TLM_COMPARE_DIRECT call=1333 phase=tlm_multiply_gcd_reverse_body n=42 k=42 split=0 ops_start=7362582 ops_end=7363176
TLM_COMPARE_DIRECT call=1334 phase=tlm_apply_forward_mod_add_clean n=19 k=19 split=0 ops_start=7368709 ops_end=7368983
TLM_COMPARE_DIRECT call=1335 phase=tlm_multiply_gcd_reverse_body n=42 k=42 split=0 ops_start=7374136 ops_end=7374730
TLM_COMPARE_DIRECT call=1336 phase=tlm_apply_forward_mod_add_clean n=19 k=19 split=0 ops_start=7380108 ops_end=7380382
TLM_COMPARE_DIRECT call=1337 phase=tlm_multiply_gcd_reverse_body n=42 k=42 split=0 ops_start=7385535 ops_end=7386129
TLM_COMPARE_DIRECT call=1338 phase=tlm_apply_forward_mod_add_clean n=19 k=19 split=0 ops_start=7391507 ops_end=7391781
TLM_COMPARE_DIRECT call=1339 phase=tlm_multiply_gcd_reverse_body n=42 k=42 split=0 ops_start=7396966 ops_end=7397560
TLM_COMPARE_DIRECT call=1340 phase=tlm_apply_forward_mod_add_clean n=19 k=19 split=0 ops_start=7403105 ops_end=7403379
TLM_COMPARE_DIRECT call=1341 phase=tlm_multiply_gcd_reverse_body n=42 k=42 split=0 ops_start=7408580 ops_end=7409174
TLM_COMPARE_DIRECT call=1342 phase=tlm_apply_forward_mod_add_clean n=19 k=19 split=0 ops_start=7414564 ops_end=7414838
TLM_COMPARE_DIRECT call=1343 phase=tlm_multiply_gcd_reverse_body n=43 k=43 split=0 ops_start=7420055 ops_end=7420663
TLM_COMPARE_DIRECT call=1344 phase=tlm_apply_forward_mod_add_clean n=19 k=19 split=0 ops_start=7426057 ops_end=7426331
TLM_COMPARE_DIRECT call=1345 phase=tlm_multiply_gcd_reverse_body n=42 k=42 split=0 ops_start=7431548 ops_end=7432142
TLM_COMPARE_DIRECT call=1346 phase=tlm_apply_forward_mod_add_clean n=19 k=19 split=0 ops_start=7437695 ops_end=7437969
TLM_COMPARE_DIRECT call=1347 phase=tlm_multiply_gcd_reverse_body n=41 k=41 split=0 ops_start=7443202 ops_end=7443782
TLM_COMPARE_DIRECT call=1348 phase=tlm_apply_forward_mod_add_clean n=19 k=19 split=0 ops_start=7449180 ops_end=7449454
TLM_COMPARE_DIRECT call=1349 phase=tlm_multiply_gcd_reverse_body n=42 k=42 split=0 ops_start=7454703 ops_end=7455297
TLM_COMPARE_DIRECT call=1350 phase=tlm_apply_forward_mod_add_clean n=19 k=19 split=0 ops_start=7460699 ops_end=7460973
TLM_COMPARE_DIRECT call=1351 phase=tlm_multiply_gcd_reverse_body n=41 k=41 split=0 ops_start=7466238 ops_end=7466818
TLM_COMPARE_DIRECT call=1352 phase=tlm_apply_forward_mod_add_clean n=19 k=19 split=0 ops_start=7472383 ops_end=7472657
TLM_COMPARE_DIRECT call=1353 phase=tlm_multiply_gcd_reverse_body n=41 k=41 split=0 ops_start=7477938 ops_end=7478518
TLM_COMPARE_DIRECT call=1354 phase=tlm_apply_forward_mod_add_clean n=19 k=19 split=0 ops_start=7483928 ops_end=7484202
TLM_COMPARE_DIRECT call=1355 phase=tlm_multiply_gcd_reverse_body n=42 k=42 split=0 ops_start=7489515 ops_end=7490109
TLM_COMPARE_DIRECT call=1356 phase=tlm_apply_forward_mod_add_clean n=19 k=19 split=0 ops_start=7495527 ops_end=7495801
TLM_COMPARE_DIRECT call=1357 phase=tlm_multiply_gcd_reverse_body n=42 k=42 split=0 ops_start=7501130 ops_end=7501724
TLM_COMPARE_DIRECT call=1358 phase=tlm_apply_forward_mod_add_clean n=19 k=19 split=0 ops_start=7507305 ops_end=7507579
TLM_COMPARE_DIRECT call=1359 phase=tlm_multiply_gcd_reverse_body n=42 k=42 split=0 ops_start=7512924 ops_end=7513518
TLM_COMPARE_DIRECT call=1360 phase=tlm_apply_forward_mod_add_clean n=19 k=19 split=0 ops_start=7518944 ops_end=7519218
TLM_COMPARE_DIRECT call=1361 phase=tlm_multiply_gcd_reverse_body n=42 k=42 split=0 ops_start=7524579 ops_end=7525173
TLM_COMPARE_DIRECT call=1362 phase=tlm_apply_forward_mod_add_clean n=19 k=19 split=0 ops_start=7530603 ops_end=7530877
TLM_COMPARE_DIRECT call=1363 phase=tlm_multiply_gcd_reverse_body n=42 k=42 split=0 ops_start=7536254 ops_end=7536848
TLM_COMPARE_DIRECT call=1364 phase=tlm_apply_forward_mod_add_clean n=19 k=19 split=0 ops_start=7542441 ops_end=7542715
TLM_COMPARE_DIRECT call=1365 phase=tlm_multiply_gcd_reverse_body n=41 k=41 split=0 ops_start=7548108 ops_end=7548688
TLM_COMPARE_DIRECT call=1366 phase=tlm_apply_forward_mod_add_clean n=19 k=19 split=0 ops_start=7554126 ops_end=7554400
TLM_COMPARE_DIRECT call=1367 phase=tlm_multiply_gcd_reverse_body n=42 k=42 split=0 ops_start=7559809 ops_end=7560403
TLM_COMPARE_DIRECT call=1368 phase=tlm_apply_forward_mod_add_clean n=19 k=19 split=0 ops_start=7565845 ops_end=7566119
TLM_COMPARE_DIRECT call=1369 phase=tlm_multiply_gcd_reverse_body n=40 k=40 split=0 ops_start=7571528 ops_end=7572094
TLM_COMPARE_DIRECT call=1370 phase=tlm_apply_forward_mod_add_clean n=19 k=19 split=0 ops_start=7577695 ops_end=7577969
TLM_COMPARE_DIRECT call=1371 phase=tlm_multiply_gcd_reverse_body n=41 k=41 split=0 ops_start=7583410 ops_end=7583990
TLM_COMPARE_DIRECT call=1372 phase=tlm_apply_forward_mod_add_clean n=19 k=19 split=0 ops_start=7589440 ops_end=7589714
TLM_COMPARE_DIRECT call=1373 phase=tlm_multiply_gcd_reverse_body n=41 k=41 split=0 ops_start=7595171 ops_end=7595751
TLM_COMPARE_DIRECT call=1374 phase=tlm_apply_forward_mod_add_clean n=19 k=19 split=0 ops_start=7601205 ops_end=7601479
TLM_COMPARE_DIRECT call=1375 phase=tlm_multiply_gcd_reverse_body n=40 k=40 split=0 ops_start=7606936 ops_end=7607502
TLM_COMPARE_DIRECT call=1376 phase=tlm_apply_forward_mod_add_clean n=19 k=19 split=0 ops_start=7613115 ops_end=7613389
TLM_COMPARE_DIRECT call=1377 phase=tlm_multiply_gcd_reverse_body n=41 k=41 split=0 ops_start=7618878 ops_end=7619458
TLM_COMPARE_DIRECT call=1378 phase=tlm_apply_forward_mod_add_clean n=19 k=19 split=0 ops_start=7624920 ops_end=7625194
TLM_COMPARE_DIRECT call=1379 phase=tlm_multiply_gcd_reverse_body n=40 k=40 split=0 ops_start=7630699 ops_end=7631265
TLM_COMPARE_DIRECT call=1380 phase=tlm_apply_forward_mod_add_clean n=19 k=19 split=0 ops_start=7636731 ops_end=7637005
TLM_COMPARE_DIRECT call=1381 phase=tlm_multiply_gcd_reverse_body n=41 k=41 split=0 ops_start=7642526 ops_end=7643106
TLM_COMPARE_DIRECT call=1382 phase=tlm_apply_forward_mod_add_clean n=19 k=19 split=0 ops_start=7648735 ops_end=7649009
TLM_COMPARE_DIRECT call=1383 phase=tlm_multiply_gcd_reverse_body n=40 k=40 split=0 ops_start=7654530 ops_end=7655096
TLM_COMPARE_DIRECT call=1384 phase=tlm_apply_forward_mod_add_clean n=19 k=19 split=0 ops_start=7660566 ops_end=7660840
TLM_COMPARE_DIRECT call=1385 phase=tlm_multiply_gcd_reverse_body n=40 k=40 split=0 ops_start=7666393 ops_end=7666959
TLM_COMPARE_DIRECT call=1386 phase=tlm_apply_forward_mod_add_clean n=19 k=19 split=0 ops_start=7672437 ops_end=7672711
TLM_COMPARE_DIRECT call=1387 phase=tlm_multiply_gcd_reverse_body n=41 k=41 split=0 ops_start=7678296 ops_end=7678876
TLM_COMPARE_DIRECT call=1388 phase=tlm_apply_forward_mod_add_clean n=19 k=19 split=0 ops_start=7684521 ops_end=7684795
TLM_COMPARE_DIRECT call=1389 phase=tlm_multiply_gcd_reverse_body n=41 k=41 split=0 ops_start=7690396 ops_end=7690976
TLM_COMPARE_DIRECT call=1390 phase=tlm_apply_forward_mod_add_clean n=19 k=19 split=0 ops_start=7696466 ops_end=7696740
TLM_COMPARE_DIRECT call=1391 phase=tlm_multiply_gcd_reverse_body n=42 k=42 split=0 ops_start=7702357 ops_end=7702951
TLM_COMPARE_DIRECT call=1392 phase=tlm_apply_forward_mod_add_clean n=19 k=19 split=0 ops_start=7708445 ops_end=7708719
TLM_COMPARE_DIRECT call=1393 phase=tlm_multiply_gcd_reverse_body n=40 k=40 split=0 ops_start=7714352 ops_end=7714918
TLM_COMPARE_DIRECT call=1394 phase=tlm_apply_forward_mod_add_clean n=19 k=19 split=0 ops_start=7720575 ops_end=7720849
TLM_COMPARE_DIRECT call=1395 phase=tlm_multiply_gcd_reverse_body n=40 k=40 split=0 ops_start=7726498 ops_end=7727064
TLM_COMPARE_DIRECT call=1396 phase=tlm_apply_forward_mod_add_clean n=19 k=19 split=0 ops_start=7732566 ops_end=7732840
TLM_COMPARE_DIRECT call=1397 phase=tlm_multiply_gcd_reverse_body n=41 k=41 split=0 ops_start=7738521 ops_end=7739101
TLM_COMPARE_DIRECT call=1398 phase=tlm_apply_forward_mod_add_clean n=19 k=19 split=0 ops_start=7744611 ops_end=7744885
TLM_COMPARE_DIRECT call=1399 phase=tlm_multiply_gcd_reverse_body n=42 k=42 split=0 ops_start=7750582 ops_end=7751176
TLM_COMPARE_DIRECT call=1400 phase=tlm_apply_forward_mod_add_clean n=19 k=19 split=0 ops_start=7756849 ops_end=7757123
TLM_COMPARE_DIRECT call=1401 phase=tlm_multiply_gcd_reverse_body n=40 k=40 split=0 ops_start=7762820 ops_end=7763386
TLM_COMPARE_DIRECT call=1402 phase=tlm_apply_forward_mod_add_clean n=19 k=19 split=0 ops_start=7768900 ops_end=7769174
TLM_COMPARE_DIRECT call=1403 phase=tlm_multiply_gcd_reverse_body n=41 k=41 split=0 ops_start=7774887 ops_end=7775467
TLM_COMPARE_DIRECT call=1404 phase=tlm_apply_forward_mod_add_clean n=19 k=19 split=0 ops_start=7780985 ops_end=7781259
TLM_COMPARE_DIRECT call=1405 phase=tlm_multiply_gcd_reverse_body n=40 k=40 split=0 ops_start=7786988 ops_end=7787554
TLM_COMPARE_DIRECT call=1406 phase=tlm_apply_forward_mod_add_clean n=19 k=19 split=0 ops_start=7793235 ops_end=7793509
TLM_COMPARE_DIRECT call=1407 phase=tlm_multiply_gcd_reverse_body n=40 k=40 split=0 ops_start=7799254 ops_end=7799820
TLM_COMPARE_DIRECT call=1408 phase=tlm_apply_forward_mod_add_clean n=19 k=19 split=0 ops_start=7805346 ops_end=7805620
TLM_COMPARE_DIRECT call=1409 phase=tlm_multiply_gcd_reverse_body n=40 k=40 split=0 ops_start=7811381 ops_end=7811947
TLM_COMPARE_DIRECT call=1410 phase=tlm_apply_forward_mod_add_clean n=19 k=19 split=0 ops_start=7817477 ops_end=7817751
TLM_COMPARE_DIRECT call=1411 phase=tlm_multiply_gcd_reverse_body n=40 k=40 split=0 ops_start=7823528 ops_end=7824094
TLM_COMPARE_DIRECT call=1412 phase=tlm_apply_forward_mod_add_clean n=19 k=19 split=0 ops_start=7829787 ops_end=7830061
TLM_COMPARE_DIRECT call=1413 phase=tlm_multiply_gcd_reverse_body n=40 k=40 split=0 ops_start=7835854 ops_end=7836420
TLM_COMPARE_DIRECT call=1414 phase=tlm_apply_forward_mod_add_clean n=19 k=19 split=0 ops_start=7841958 ops_end=7842232
TLM_COMPARE_DIRECT call=1415 phase=tlm_multiply_gcd_reverse_body n=40 k=40 split=0 ops_start=7848041 ops_end=7848607
TLM_COMPARE_DIRECT call=1416 phase=tlm_apply_forward_mod_add_clean n=19 k=19 split=0 ops_start=7854149 ops_end=7854423
TLM_COMPARE_DIRECT call=1417 phase=tlm_multiply_gcd_reverse_body n=39 k=39 split=0 ops_start=7860248 ops_end=7860800
TLM_COMPARE_DIRECT call=1418 phase=tlm_apply_forward_mod_add_clean n=19 k=19 split=0 ops_start=7866505 ops_end=7866779
TLM_COMPARE_DIRECT call=1419 phase=tlm_multiply_gcd_reverse_body n=39 k=39 split=0 ops_start=7872620 ops_end=7873172
TLM_COMPARE_DIRECT call=1420 phase=tlm_apply_forward_mod_add_clean n=19 k=19 split=0 ops_start=7878722 ops_end=7878996
TLM_COMPARE_DIRECT call=1421 phase=tlm_multiply_gcd_reverse_body n=41 k=41 split=0 ops_start=7884853 ops_end=7885433
TLM_COMPARE_DIRECT call=1422 phase=tlm_apply_forward_mod_add_clean n=19 k=19 split=0 ops_start=7890987 ops_end=7891261
TLM_COMPARE_DIRECT call=1423 phase=tlm_multiply_gcd_reverse_body n=40 k=40 split=0 ops_start=7897134 ops_end=7897700
TLM_COMPARE_DIRECT call=1424 phase=tlm_apply_forward_mod_add_clean n=19 k=19 split=0 ops_start=7903417 ops_end=7903691
TLM_COMPARE_DIRECT call=1425 phase=tlm_multiply_gcd_reverse_body n=40 k=40 split=0 ops_start=7909580 ops_end=7910146
TLM_COMPARE_DIRECT call=1426 phase=tlm_apply_forward_mod_add_clean n=19 k=19 split=0 ops_start=7915708 ops_end=7915982
TLM_COMPARE_DIRECT call=1427 phase=tlm_multiply_gcd_reverse_body n=39 k=39 split=0 ops_start=7921887 ops_end=7922439
TLM_COMPARE_DIRECT call=1428 phase=tlm_apply_forward_mod_add_clean n=19 k=19 split=0 ops_start=7928005 ops_end=7928279
TLM_COMPARE_DIRECT call=1429 phase=tlm_multiply_gcd_reverse_body n=39 k=39 split=0 ops_start=7934200 ops_end=7934752
TLM_COMPARE_DIRECT call=1430 phase=tlm_apply_forward_mod_add_clean n=19 k=19 split=0 ops_start=7940481 ops_end=7940755
TLM_COMPARE_DIRECT call=1431 phase=tlm_multiply_gcd_reverse_body n=38 k=38 split=0 ops_start=7946692 ops_end=7947230
TLM_COMPARE_DIRECT call=1432 phase=tlm_apply_forward_mod_add_clean n=19 k=19 split=0 ops_start=7952804 ops_end=7953078
TLM_COMPARE_DIRECT call=1433 phase=tlm_multiply_gcd_reverse_body n=39 k=39 split=0 ops_start=7959031 ops_end=7959583
TLM_COMPARE_DIRECT call=1434 phase=tlm_apply_forward_mod_add_clean n=19 k=19 split=0 ops_start=7965161 ops_end=7965435
TLM_COMPARE_DIRECT call=1435 phase=tlm_multiply_gcd_reverse_body n=40 k=40 split=0 ops_start=7971404 ops_end=7971970
TLM_COMPARE_DIRECT call=1436 phase=tlm_apply_forward_mod_add_clean n=19 k=19 split=0 ops_start=7977711 ops_end=7977985
TLM_COMPARE_DIRECT call=1437 phase=tlm_multiply_gcd_reverse_body n=39 k=39 split=0 ops_start=7983970 ops_end=7984522
TLM_COMPARE_DIRECT call=1438 phase=tlm_apply_forward_mod_add_clean n=19 k=19 split=0 ops_start=7990108 ops_end=7990382
TLM_COMPARE_DIRECT call=1439 phase=tlm_multiply_gcd_reverse_body n=39 k=39 split=0 ops_start=7996383 ops_end=7996935
TLM_COMPARE_DIRECT call=1440 phase=tlm_apply_forward_mod_add_clean n=19 k=19 split=0 ops_start=8002525 ops_end=8002799
TLM_COMPARE_DIRECT call=1441 phase=tlm_multiply_gcd_reverse_body n=38 k=38 split=0 ops_start=8008816 ops_end=8009354
TLM_COMPARE_DIRECT call=1442 phase=tlm_apply_forward_mod_add_clean n=19 k=19 split=0 ops_start=8015107 ops_end=8015381
TLM_COMPARE_DIRECT call=1443 phase=tlm_multiply_gcd_reverse_body n=38 k=38 split=0 ops_start=8021414 ops_end=8021952
TLM_COMPARE_DIRECT call=1444 phase=tlm_apply_forward_mod_add_clean n=19 k=19 split=0 ops_start=8027550 ops_end=8027824
TLM_COMPARE_DIRECT call=1445 phase=tlm_multiply_gcd_reverse_body n=38 k=38 split=0 ops_start=8033873 ops_end=8034411
TLM_COMPARE_DIRECT call=1446 phase=tlm_apply_forward_mod_add_clean n=19 k=19 split=0 ops_start=8040013 ops_end=8040287
TLM_COMPARE_DIRECT call=1447 phase=tlm_multiply_gcd_reverse_body n=38 k=38 split=0 ops_start=8046352 ops_end=8046890
TLM_COMPARE_DIRECT call=1448 phase=tlm_apply_forward_mod_add_clean n=19 k=19 split=0 ops_start=8052655 ops_end=8052929
TLM_COMPARE_DIRECT call=1449 phase=tlm_multiply_gcd_reverse_body n=38 k=38 split=0 ops_start=8059010 ops_end=8059548
TLM_COMPARE_DIRECT call=1450 phase=tlm_apply_forward_mod_add_clean n=19 k=19 split=0 ops_start=8065158 ops_end=8065432
TLM_COMPARE_DIRECT call=1451 phase=tlm_multiply_gcd_reverse_body n=38 k=38 split=0 ops_start=8071529 ops_end=8072067
TLM_COMPARE_DIRECT call=1452 phase=tlm_apply_forward_mod_add_clean n=19 k=19 split=0 ops_start=8077681 ops_end=8077955
TLM_COMPARE_DIRECT call=1453 phase=tlm_multiply_gcd_reverse_body n=37 k=37 split=0 ops_start=8084068 ops_end=8084592
TLM_COMPARE_DIRECT call=1454 phase=tlm_apply_forward_mod_add_clean n=19 k=19 split=0 ops_start=8090369 ops_end=8090643
TLM_COMPARE_DIRECT call=1455 phase=tlm_multiply_gcd_reverse_body n=37 k=37 split=0 ops_start=8096772 ops_end=8097296
TLM_COMPARE_DIRECT call=1456 phase=tlm_apply_forward_mod_add_clean n=19 k=19 split=0 ops_start=8102918 ops_end=8103192
TLM_COMPARE_DIRECT call=1457 phase=tlm_multiply_gcd_reverse_body n=37 k=37 split=0 ops_start=8109337 ops_end=8109861
TLM_COMPARE_DIRECT call=1458 phase=tlm_apply_forward_mod_add_clean n=19 k=19 split=0 ops_start=8115487 ops_end=8115761
TLM_COMPARE_DIRECT call=1459 phase=tlm_multiply_gcd_reverse_body n=37 k=37 split=0 ops_start=8121922 ops_end=8122446
TLM_COMPARE_DIRECT call=1460 phase=tlm_apply_forward_mod_add_clean n=19 k=19 split=0 ops_start=8128235 ops_end=8128509
TLM_COMPARE_DIRECT call=1461 phase=tlm_multiply_gcd_reverse_body n=37 k=37 split=0 ops_start=8134686 ops_end=8135210
TLM_COMPARE_DIRECT call=1462 phase=tlm_apply_forward_mod_add_clean n=19 k=19 split=0 ops_start=8140844 ops_end=8141118
TLM_COMPARE_DIRECT call=1463 phase=tlm_multiply_gcd_reverse_body n=37 k=37 split=0 ops_start=8147311 ops_end=8147835
TLM_COMPARE_DIRECT call=1464 phase=tlm_apply_forward_mod_add_clean n=19 k=19 split=0 ops_start=8153160 ops_end=8153434
TLM_COMPARE_DIRECT call=1465 phase=tlm_multiply_gcd_reverse_body n=37 k=37 split=0 ops_start=8159643 ops_end=8160167
TLM_COMPARE_DIRECT call=1466 phase=tlm_apply_forward_mod_add_clean n=19 k=19 split=0 ops_start=8165968 ops_end=8166242
TLM_COMPARE_DIRECT call=1467 phase=tlm_multiply_gcd_reverse_body n=37 k=37 split=0 ops_start=8172467 ops_end=8172991
TLM_COMPARE_DIRECT call=1468 phase=tlm_apply_forward_mod_add_clean n=19 k=19 split=0 ops_start=8178324 ops_end=8178598
TLM_COMPARE_DIRECT call=1469 phase=tlm_multiply_gcd_reverse_body n=37 k=37 split=0 ops_start=8184839 ops_end=8185363
TLM_COMPARE_DIRECT call=1470 phase=tlm_apply_forward_mod_add_clean n=19 k=19 split=0 ops_start=8190700 ops_end=8190974
TLM_COMPARE_DIRECT call=1471 phase=tlm_multiply_gcd_reverse_body n=37 k=37 split=0 ops_start=8197231 ops_end=8197755
TLM_COMPARE_DIRECT call=1472 phase=tlm_apply_forward_mod_add_clean n=19 k=19 split=0 ops_start=8203255 ops_end=8203529
TLM_COMPARE_DIRECT call=1473 phase=tlm_multiply_gcd_reverse_body n=37 k=37 split=0 ops_start=8209802 ops_end=8210326
TLM_COMPARE_DIRECT call=1474 phase=tlm_apply_forward_mod_add_clean n=19 k=19 split=0 ops_start=8215671 ops_end=8215945
TLM_COMPARE_DIRECT call=1475 phase=tlm_multiply_gcd_reverse_body n=37 k=37 split=0 ops_start=8222234 ops_end=8222758
TLM_COMPARE_DIRECT call=1476 phase=tlm_apply_forward_mod_add_clean n=19 k=19 split=0 ops_start=8228107 ops_end=8228381
TLM_COMPARE_DIRECT call=1477 phase=tlm_multiply_gcd_reverse_body n=36 k=36 split=0 ops_start=8234686 ops_end=8235196
TLM_COMPARE_DIRECT call=1478 phase=tlm_apply_forward_mod_add_clean n=19 k=19 split=0 ops_start=8240708 ops_end=8240982
TLM_COMPARE_DIRECT call=1479 phase=tlm_multiply_gcd_reverse_body n=36 k=36 split=0 ops_start=8247303 ops_end=8247813
TLM_COMPARE_DIRECT call=1480 phase=tlm_apply_forward_mod_add_clean n=19 k=19 split=0 ops_start=8253170 ops_end=8253444
TLM_COMPARE_DIRECT call=1481 phase=tlm_multiply_gcd_reverse_body n=36 k=36 split=0 ops_start=8259781 ops_end=8260291
TLM_COMPARE_DIRECT call=1482 phase=tlm_apply_forward_mod_add_clean n=19 k=19 split=0 ops_start=8265652 ops_end=8265926
TLM_COMPARE_DIRECT call=1483 phase=tlm_multiply_gcd_reverse_body n=36 k=36 split=0 ops_start=8272279 ops_end=8272789
TLM_COMPARE_DIRECT call=1484 phase=tlm_apply_forward_mod_add_clean n=19 k=19 split=0 ops_start=8278313 ops_end=8278587
TLM_COMPARE_DIRECT call=1485 phase=tlm_multiply_gcd_reverse_body n=36 k=36 split=0 ops_start=8284956 ops_end=8285466
TLM_COMPARE_DIRECT call=1486 phase=tlm_apply_forward_mod_add_clean n=19 k=19 split=0 ops_start=8290835 ops_end=8291109
TLM_COMPARE_DIRECT call=1487 phase=tlm_multiply_gcd_reverse_body n=36 k=36 split=0 ops_start=8297494 ops_end=8298004
TLM_COMPARE_DIRECT call=1488 phase=tlm_apply_forward_mod_add_clean n=19 k=19 split=0 ops_start=8303377 ops_end=8303651
TLM_COMPARE_DIRECT call=1489 phase=tlm_multiply_gcd_reverse_body n=35 k=35 split=0 ops_start=8310052 ops_end=8310548
TLM_COMPARE_DIRECT call=1490 phase=tlm_apply_forward_mod_add_clean n=19 k=19 split=0 ops_start=8316084 ops_end=8316358
TLM_COMPARE_DIRECT call=1491 phase=tlm_multiply_gcd_reverse_body n=36 k=36 split=0 ops_start=8322775 ops_end=8323285
TLM_COMPARE_DIRECT call=1492 phase=tlm_apply_forward_mod_add_clean n=19 k=19 split=0 ops_start=8328666 ops_end=8328940
TLM_COMPARE_DIRECT call=1493 phase=tlm_multiply_gcd_reverse_body n=35 k=35 split=0 ops_start=8335373 ops_end=8335869
TLM_COMPARE_DIRECT call=1494 phase=tlm_apply_forward_mod_add_clean n=19 k=19 split=0 ops_start=8341254 ops_end=8341528
TLM_COMPARE_DIRECT call=1495 phase=tlm_multiply_gcd_reverse_body n=36 k=36 split=0 ops_start=8347977 ops_end=8348487
TLM_COMPARE_DIRECT call=1496 phase=tlm_apply_forward_mod_add_clean n=19 k=19 split=0 ops_start=8354035 ops_end=8354309
TLM_COMPARE_DIRECT call=1497 phase=tlm_multiply_gcd_reverse_body n=35 k=35 split=0 ops_start=8360774 ops_end=8361270
TLM_COMPARE_DIRECT call=1498 phase=tlm_apply_forward_mod_add_clean n=19 k=19 split=0 ops_start=8366663 ops_end=8366937
TLM_COMPARE_DIRECT call=1499 phase=tlm_multiply_gcd_reverse_body n=35 k=35 split=0 ops_start=8373418 ops_end=8373914
TLM_COMPARE_DIRECT call=1500 phase=tlm_apply_forward_mod_add_clean n=19 k=19 split=0 ops_start=8379311 ops_end=8379585
TLM_COMPARE_DIRECT call=1501 phase=tlm_multiply_gcd_reverse_body n=35 k=35 split=0 ops_start=8386082 ops_end=8386578
TLM_COMPARE_DIRECT call=1502 phase=tlm_apply_forward_mod_add_clean n=19 k=19 split=0 ops_start=8392138 ops_end=8392412
TLM_COMPARE_DIRECT call=1503 phase=tlm_multiply_gcd_reverse_body n=35 k=35 split=0 ops_start=8398925 ops_end=8399421
TLM_COMPARE_DIRECT call=1504 phase=tlm_apply_forward_mod_add_clean n=19 k=19 split=0 ops_start=8404826 ops_end=8405100
TLM_COMPARE_DIRECT call=1505 phase=tlm_multiply_gcd_reverse_body n=34 k=34 split=0 ops_start=8411629 ops_end=8412111
TLM_COMPARE_DIRECT call=1506 phase=tlm_apply_forward_mod_add_clean n=19 k=19 split=0 ops_start=8417520 ops_end=8417794
TLM_COMPARE_DIRECT call=1507 phase=tlm_multiply_gcd_reverse_body n=35 k=35 split=0 ops_start=8424339 ops_end=8424835
TLM_COMPARE_DIRECT call=1508 phase=tlm_apply_forward_mod_add_clean n=19 k=19 split=0 ops_start=8430407 ops_end=8430681
TLM_COMPARE_DIRECT call=1509 phase=tlm_multiply_gcd_reverse_body n=35 k=35 split=0 ops_start=8437242 ops_end=8437738
TLM_COMPARE_DIRECT call=1510 phase=tlm_apply_forward_mod_add_clean n=19 k=19 split=0 ops_start=8443155 ops_end=8443429
TLM_COMPARE_DIRECT call=1511 phase=tlm_multiply_gcd_reverse_body n=35 k=35 split=0 ops_start=8450006 ops_end=8450502
TLM_COMPARE_DIRECT call=1512 phase=tlm_apply_forward_mod_add_clean n=19 k=19 split=0 ops_start=8455923 ops_end=8456197
TLM_COMPARE_DIRECT call=1513 phase=tlm_multiply_gcd_reverse_body n=34 k=34 split=0 ops_start=8462790 ops_end=8463272
TLM_COMPARE_DIRECT call=1514 phase=tlm_apply_forward_mod_add_clean n=19 k=19 split=0 ops_start=8468856 ops_end=8469130
TLM_COMPARE_DIRECT call=1515 phase=tlm_multiply_gcd_reverse_body n=35 k=35 split=0 ops_start=8475739 ops_end=8476235
TLM_COMPARE_DIRECT call=1516 phase=tlm_apply_forward_mod_add_clean n=19 k=19 split=0 ops_start=8481664 ops_end=8481938
TLM_COMPARE_DIRECT call=1517 phase=tlm_multiply_gcd_reverse_body n=34 k=34 split=0 ops_start=8488563 ops_end=8489045
TLM_COMPARE_DIRECT call=1518 phase=tlm_apply_forward_mod_add_clean n=19 k=19 split=0 ops_start=8494478 ops_end=8494752
TLM_COMPARE_DIRECT call=1519 phase=tlm_multiply_gcd_reverse_body n=34 k=34 split=0 ops_start=8501393 ops_end=8501875
TLM_COMPARE_DIRECT call=1520 phase=tlm_apply_forward_mod_add_clean n=19 k=19 split=0 ops_start=8507471 ops_end=8507745
TLM_COMPARE_DIRECT call=1521 phase=tlm_multiply_gcd_reverse_body n=34 k=34 split=0 ops_start=8514402 ops_end=8514884
TLM_COMPARE_DIRECT call=1522 phase=tlm_apply_forward_mod_add_clean n=19 k=19 split=0 ops_start=8520325 ops_end=8520599
TLM_COMPARE_DIRECT call=1523 phase=tlm_multiply_gcd_reverse_body n=34 k=34 split=0 ops_start=8527272 ops_end=8527754
TLM_COMPARE_DIRECT call=1524 phase=tlm_apply_forward_mod_add_clean n=19 k=19 split=0 ops_start=8533199 ops_end=8533473
TLM_COMPARE_DIRECT call=1525 phase=tlm_multiply_gcd_reverse_body n=33 k=33 split=0 ops_start=8540162 ops_end=8540630
TLM_COMPARE_DIRECT call=1526 phase=tlm_apply_forward_mod_add_clean n=19 k=19 split=0 ops_start=8546238 ops_end=8546512
TLM_COMPARE_DIRECT call=1527 phase=tlm_multiply_gcd_reverse_body n=35 k=35 split=0 ops_start=8553217 ops_end=8553713
TLM_COMPARE_DIRECT call=1528 phase=tlm_apply_forward_mod_add_clean n=19 k=19 split=0 ops_start=8559166 ops_end=8559440
TLM_COMPARE_DIRECT call=1529 phase=tlm_multiply_gcd_reverse_body n=33 k=33 split=0 ops_start=8566161 ops_end=8566629
TLM_COMPARE_DIRECT call=1530 phase=tlm_apply_forward_mod_add_clean n=19 k=19 split=0 ops_start=8572086 ops_end=8572360
TLM_COMPARE_DIRECT call=1531 phase=tlm_multiply_gcd_reverse_body n=33 k=33 split=0 ops_start=8579097 ops_end=8579565
TLM_COMPARE_DIRECT call=1532 phase=tlm_apply_forward_mod_add_clean n=19 k=19 split=0 ops_start=8585185 ops_end=8585459
TLM_COMPARE_DIRECT call=1533 phase=tlm_multiply_gcd_reverse_body n=34 k=34 split=0 ops_start=8592212 ops_end=8592694
TLM_COMPARE_DIRECT call=1534 phase=tlm_apply_forward_mod_add_clean n=19 k=19 split=0 ops_start=8598159 ops_end=8598433
TLM_COMPARE_DIRECT call=1535 phase=tlm_multiply_gcd_reverse_body n=33 k=33 split=0 ops_start=8605202 ops_end=8605670
TLM_COMPARE_DIRECT call=1536 phase=tlm_apply_forward_mod_add_clean n=19 k=19 split=0 ops_start=8611139 ops_end=8611413
TLM_COMPARE_DIRECT call=1537 phase=tlm_multiply_gcd_reverse_body n=33 k=33 split=0 ops_start=8618198 ops_end=8618666
TLM_COMPARE_DIRECT call=1538 phase=tlm_apply_forward_mod_add_clean n=19 k=19 split=0 ops_start=8624298 ops_end=8624572
TLM_COMPARE_DIRECT call=1539 phase=tlm_multiply_gcd_reverse_body n=34 k=34 split=0 ops_start=8631373 ops_end=8631855
TLM_COMPARE_DIRECT call=1540 phase=tlm_apply_forward_mod_add_clean n=19 k=19 split=0 ops_start=8637332 ops_end=8637606
TLM_COMPARE_DIRECT call=1541 phase=tlm_multiply_gcd_reverse_body n=34 k=34 split=0 ops_start=8644423 ops_end=8644905
TLM_COMPARE_DIRECT call=1542 phase=tlm_apply_forward_mod_add_clean n=19 k=19 split=0 ops_start=8650386 ops_end=8650660
TLM_COMPARE_DIRECT call=1543 phase=tlm_multiply_gcd_reverse_body n=32 k=32 split=0 ops_start=8657493 ops_end=8657947
TLM_COMPARE_DIRECT call=1544 phase=tlm_apply_forward_mod_add_clean n=19 k=19 split=0 ops_start=8663591 ops_end=8663865
TLM_COMPARE_DIRECT call=1545 phase=tlm_multiply_gcd_reverse_body n=33 k=33 split=0 ops_start=8670714 ops_end=8671182
TLM_COMPARE_DIRECT call=1546 phase=tlm_apply_forward_mod_add_clean n=19 k=19 split=0 ops_start=8676671 ops_end=8676945
TLM_COMPARE_DIRECT call=1547 phase=tlm_multiply_gcd_reverse_body n=33 k=33 split=0 ops_start=8683810 ops_end=8684278
TLM_COMPARE_DIRECT call=1548 phase=tlm_apply_forward_mod_add_clean n=19 k=19 split=0 ops_start=8689771 ops_end=8690045
TLM_COMPARE_DIRECT call=1549 phase=tlm_multiply_gcd_reverse_body n=33 k=33 split=0 ops_start=8696926 ops_end=8697394
TLM_COMPARE_DIRECT call=1550 phase=tlm_apply_forward_mod_add_clean n=19 k=19 split=0 ops_start=8703050 ops_end=8703324
TLM_COMPARE_DIRECT call=1551 phase=tlm_multiply_gcd_reverse_body n=32 k=32 split=0 ops_start=8710221 ops_end=8710675
TLM_COMPARE_DIRECT call=1552 phase=tlm_apply_forward_mod_add_clean n=19 k=19 split=0 ops_start=8716176 ops_end=8716450
TLM_COMPARE_DIRECT call=1553 phase=tlm_multiply_gcd_reverse_body n=33 k=33 split=0 ops_start=8723363 ops_end=8723831
TLM_COMPARE_DIRECT call=1554 phase=tlm_apply_forward_mod_add_clean n=19 k=19 split=0 ops_start=8729336 ops_end=8729610
TLM_COMPARE_DIRECT call=1555 phase=tlm_multiply_gcd_reverse_body n=33 k=33 split=0 ops_start=8736539 ops_end=8737007
TLM_COMPARE_DIRECT call=1556 phase=tlm_apply_forward_mod_add_clean n=19 k=19 split=0 ops_start=8742675 ops_end=8742949
TLM_COMPARE_DIRECT call=1557 phase=tlm_multiply_gcd_reverse_body n=32 k=32 split=0 ops_start=8749894 ops_end=8750348
TLM_COMPARE_DIRECT call=1558 phase=tlm_apply_forward_mod_add_clean n=19 k=19 split=0 ops_start=8755861 ops_end=8756135
TLM_COMPARE_DIRECT call=1559 phase=tlm_multiply_gcd_reverse_body n=32 k=32 split=0 ops_start=8763096 ops_end=8763550
TLM_COMPARE_DIRECT call=1560 phase=tlm_apply_forward_mod_add_clean n=19 k=19 split=0 ops_start=8769067 ops_end=8769341
TLM_COMPARE_DIRECT call=1561 phase=tlm_multiply_gcd_reverse_body n=32 k=32 split=0 ops_start=8776318 ops_end=8776772
TLM_COMPARE_DIRECT call=1562 phase=tlm_apply_forward_mod_add_clean n=19 k=19 split=0 ops_start=8782452 ops_end=8782726
TLM_COMPARE_DIRECT call=1563 phase=tlm_multiply_gcd_reverse_body n=32 k=32 split=0 ops_start=8789719 ops_end=8790173
TLM_COMPARE_DIRECT call=1564 phase=tlm_apply_forward_mod_add_clean n=19 k=19 split=0 ops_start=8795698 ops_end=8795972
TLM_COMPARE_DIRECT call=1565 phase=tlm_multiply_gcd_reverse_body n=32 k=32 split=0 ops_start=8802981 ops_end=8803435
TLM_COMPARE_DIRECT call=1566 phase=tlm_apply_forward_mod_add_clean n=19 k=19 split=0 ops_start=8808964 ops_end=8809238
TLM_COMPARE_DIRECT call=1567 phase=tlm_multiply_gcd_reverse_body n=32 k=32 split=0 ops_start=8816263 ops_end=8816717
TLM_COMPARE_DIRECT call=1568 phase=tlm_apply_forward_mod_add_clean n=19 k=19 split=0 ops_start=8822409 ops_end=8822683
TLM_COMPARE_DIRECT call=1569 phase=tlm_multiply_gcd_reverse_body n=30 k=30 split=0 ops_start=8829708 ops_end=8830134
TLM_COMPARE_DIRECT call=1570 phase=tlm_apply_forward_mod_add_clean n=19 k=19 split=0 ops_start=8835667 ops_end=8835941
TLM_COMPARE_DIRECT call=1571 phase=tlm_multiply_gcd_reverse_body n=30 k=30 split=0 ops_start=8842966 ops_end=8843392
TLM_COMPARE_DIRECT call=1572 phase=tlm_apply_forward_mod_add_clean n=19 k=19 split=0 ops_start=8848925 ops_end=8849199
TLM_COMPARE_DIRECT call=1573 phase=tlm_multiply_gcd_reverse_body n=28 k=28 split=0 ops_start=8856224 ops_end=8856622
TLM_COMPARE_DIRECT call=1574 phase=tlm_apply_forward_mod_add_clean n=19 k=19 split=0 ops_start=8862314 ops_end=8862588
TLM_COMPARE_DIRECT call=1575 phase=tlm_multiply_gcd_reverse_body n=27 k=27 split=0 ops_start=8869613 ops_end=8869997
TLM_COMPARE_DIRECT call=1576 phase=tlm_apply_forward_mod_add_clean n=19 k=19 split=0 ops_start=8875530 ops_end=8875804
TLM_COMPARE_DIRECT call=1577 phase=tlm_multiply_gcd_reverse_body n=27 k=27 split=0 ops_start=8882829 ops_end=8883213
TLM_COMPARE_DIRECT call=1578 phase=tlm_apply_forward_mod_add_clean n=19 k=19 split=0 ops_start=8888746 ops_end=8889020
TLM_COMPARE_DIRECT call=1579 phase=tlm_multiply_gcd_reverse_body n=25 k=25 split=0 ops_start=8896045 ops_end=8896401
TLM_COMPARE_DIRECT call=1580 phase=tlm_apply_forward_mod_add_clean n=19 k=19 split=0 ops_start=8902093 ops_end=8902367
TLM_COMPARE_DIRECT call=1581 phase=tlm_multiply_gcd_reverse_body n=24 k=24 split=0 ops_start=8909392 ops_end=8909734
TLM_COMPARE_DIRECT call=1582 phase=tlm_apply_forward_mod_add_clean n=19 k=19 split=0 ops_start=8915267 ops_end=8915541
TLM_COMPARE_DIRECT call=1583 phase=tlm_multiply_gcd_reverse_body n=23 k=23 split=0 ops_start=8922566 ops_end=8922894
TLM_COMPARE_DIRECT call=1584 phase=tlm_apply_forward_mod_add_clean n=19 k=19 split=0 ops_start=8928427 ops_end=8928701
TLM_COMPARE_DIRECT call=1585 phase=tlm_multiply_gcd_reverse_body n=23 k=23 split=0 ops_start=8935726 ops_end=8936054
TLM_COMPARE_DIRECT call=1586 phase=tlm_apply_forward_mod_add_clean n=19 k=19 split=0 ops_start=8941592 ops_end=8941866
TLM_COMPARE_DIRECT call=1587 phase=tlm_coord_y_sub_final n=19 k=19 split=0 ops_start=8957759 ops_end=8958033
TLM_COMPARE_DIRECT call=1588 phase=tlm_coord_rsub_final n=19 k=19 split=0 ops_start=8968466 ops_end=8968740
TLM_PROFILE peak_qubits=1154 peak_phase=tlm_apply_inverse_mod_sub_register peak_ops_idx=25972 emitted_ops=8971392
TLM_PHASE active_max=1154 phase=square_a_lo_apply_shifted_128_add
TLM_PHASE active_max=1154 phase=square_a_lo_apply_unshifted_sub
TLM_PHASE active_max=1154 phase=square_b_hi_apply_f_times_sub
TLM_PHASE active_max=1154 phase=square_b_hi_apply_shifted_128_add
TLM_PHASE active_max=1154 phase=square_c_sum_apply_shifted_128_sub
TLM_PHASE active_max=1154 phase=tlm_apply_forward_fold
TLM_PHASE active_max=1154 phase=tlm_apply_forward_mod_add_clean
TLM_PHASE active_max=1154 phase=tlm_apply_forward_mod_add_register
TLM_PHASE active_max=1154 phase=tlm_apply_inverse_fold
TLM_PHASE active_max=1154 phase=tlm_apply_inverse_mod_sub_clean
TLM_PHASE active_max=1154 phase=tlm_apply_inverse_mod_sub_fold
TLM_PHASE active_max=1154 phase=tlm_apply_inverse_mod_sub_register
TLM_PHASE active_max=1154 phase=tlm_inverse_gcd_forward_body
TLM_PHASE active_max=1154 phase=tlm_inverse_gcd_forward_compare
TLM_PHASE active_max=1154 phase=tlm_multiply_gcd_reverse_body
TLM_PHASE active_max=1153 phase=tlm_apply_forward_mod_add_fold
TLM_PHASE active_max=1144 phase=tlm_inverse_gcd_forward_codec
TLM_PHASE active_max=1144 phase=tlm_multiply_gcd_reverse_decode
TLM_PHASE active_max=1140 phase=tlm_apply_inverse_mod_sub
TLM_PHASE active_max=1136 phase=tlm_apply_forward_mod_add
TLM_PHASE active_max=1125 phase=tlm_gcd_step_end
TLM_PHASE active_max=1047 phase=tlm_inverse_gcd_reverse_body
TLM_PHASE active_max=1047 phase=tlm_multiply_gcd_forward_body
TLM_PHASE active_max=1029 phase=square_c_sum_build
TLM_CCX phase=tlm_apply_inverse_mod_sub_register ccx=160428 pct=11.90 cum=11.90
TLM_CCX phase=tlm_apply_forward_mod_add_register ccx=159241 pct=11.82 cum=23.72
TLM_CCX phase=tlm_multiply_gcd_reverse_body ccx=156626 pct=11.62 cum=35.34
TLM_CCX phase=tlm_inverse_gcd_reverse_body ccx=149253 pct=11.08 cum=46.42
TLM_CCX phase=tlm_apply_inverse_fold ccx=84147 pct=6.24 cum=52.66
TLM_CCX phase=tlm_apply_forward_fold ccx=83797 pct=6.22 cum=58.88
TLM_CCX phase=tlm_inverse_gcd_forward_body ccx=76651 pct=5.69 cum=64.57
TLM_CCX phase=tlm_multiply_gcd_forward_body ccx=69549 pct=5.16 cum=69.73
TLM_CCX phase=tlm_apply_forward_swap ccx=66048 pct=4.90 cum=74.63
TLM_CCX phase=tlm_apply_inverse_swap ccx=66048 pct=4.90 cum=79.53
TLM_CCX phase=tlm_inverse_gcd_forward_compare ccx=45336 pct=3.36 cum=82.89
TLM_CCX phase=tlm_multiply_gcd_forward_compare ccx=45065 pct=3.34 cum=86.24
TLM_CCX phase=tlm_inverse_gcd_forward_shift ccx=34899 pct=2.59 cum=88.83
TLM_CCX phase=tlm_multiply_gcd_forward_shift ccx=34899 pct=2.59 cum=91.42
TLM_CCX phase=tlm_apply_forward_mod_add_fold ccx=15529 pct=1.15 cum=92.57
TLM_CCX phase=tlm_apply_inverse_mod_sub_fold ccx=15414 pct=1.14 cum=93.71
TLM_CCX phase=square_c_sum_build ccx=9283 pct=0.69 cum=94.40
TLM_CCX phase=square_c_sum_unbuild ccx=9283 pct=0.69 cum=95.09
TLM_CCX phase=square_a_lo_build ccx=9147 pct=0.68 cum=95.77
TLM_CCX phase=square_a_lo_unbuild ccx=9147 pct=0.68 cum=96.45
TLM_CCX phase=square_b_hi_build ccx=9147 pct=0.68 cum=97.13
TLM_CCX phase=square_b_hi_unbuild ccx=9147 pct=0.68 cum=97.81
TLM_CCX phase=tlm_apply_forward_mod_add_clean ccx=4943 pct=0.37 cum=98.17
TLM_CCX phase=tlm_apply_inverse_mod_sub_clean ccx=4943 pct=0.37 cum=98.54
TLM_CCX phase=square_b_hi_apply_f_times_sub ccx=4459 pct=0.33 cum=98.87
TLM_CCX phase=square_c_sum_apply_shifted_128_sub ccx=2344 pct=0.17 cum=99.05
TLM_CCX phase=square_a_lo_apply_shifted_128_add ccx=2342 pct=0.17 cum=99.22
TLM_CCX phase=square_b_hi_apply_shifted_128_add ccx=2342 pct=0.17 cum=99.39
TLM_CCX phase=tlm_inverse_gcd_reverse_decode ccx=1466 pct=0.11 cum=99.50
TLM_CCX phase=tlm_multiply_gcd_reverse_decode ccx=1466 pct=0.11 cum=99.61
TLM_CCX_TOTAL 1347642 phases=50
TLM_TOF phase=tlm_apply_inverse_mod_sub_register emitted=161682 expected=148392.5 discount=0.082
TLM_TOF phase=tlm_multiply_gcd_reverse_body emitted=156994 expected=148357.5 discount=0.055
TLM_TOF phase=tlm_apply_forward_mod_add_register emitted=160495 expected=147799.0 discount=0.079
TLM_TOF phase=tlm_inverse_gcd_reverse_body emitted=149253 expected=144303.0 discount=0.033
TLM_TOF phase=tlm_apply_inverse_fold emitted=84151 expected=83054.0 discount=0.013
TLM_TOF phase=tlm_apply_forward_fold emitted=83807 expected=82687.5 discount=0.013
TLM_TOF phase=tlm_inverse_gcd_forward_body emitted=77019 expected=73468.0 discount=0.046
TLM_TOF phase=tlm_multiply_gcd_forward_body emitted=69549 expected=69549.0 discount=0.000
TLM_TOF phase=tlm_apply_forward_swap emitted=66048 expected=66048.0 discount=0.000
TLM_TOF phase=tlm_apply_inverse_swap emitted=66048 expected=66048.0 discount=0.000
TLM_TOF phase=tlm_inverse_gcd_forward_compare emitted=45336 expected=45336.0 discount=0.000
TLM_TOF phase=tlm_multiply_gcd_forward_compare emitted=45065 expected=45065.0 discount=0.000
TLM_TOF phase=tlm_inverse_gcd_forward_shift emitted=34899 expected=34899.0 discount=0.000
TLM_TOF phase=tlm_multiply_gcd_forward_shift emitted=34899 expected=34899.0 discount=0.000
TLM_TOF phase=tlm_apply_forward_mod_add_fold emitted=16229 expected=14874.5 discount=0.083
TLM_TOF phase=tlm_apply_inverse_mod_sub_fold emitted=16086 expected=14843.0 discount=0.077
TLM_TOF phase=square_c_sum_build emitted=9283 expected=9283.0 discount=0.000
TLM_TOF phase=square_c_sum_unbuild emitted=9283 expected=9283.0 discount=0.000
TLM_TOF phase=square_a_lo_build emitted=9147 expected=9147.0 discount=0.000
TLM_TOF phase=square_a_lo_unbuild emitted=9147 expected=9147.0 discount=0.000
TLM_TOF phase=square_b_hi_build emitted=9147 expected=9147.0 discount=0.000
TLM_TOF phase=square_b_hi_unbuild emitted=9147 expected=9147.0 discount=0.000
TLM_TOF phase=square_b_hi_apply_f_times_sub emitted=4573 expected=4383.0 discount=0.042
TLM_TOF phase=tlm_apply_forward_mod_add_clean emitted=4943 expected=2471.5 discount=0.500
TLM_TOF phase=tlm_apply_inverse_mod_sub_clean emitted=4943 expected=2471.5 discount=0.500
TLM_TOF phase=square_c_sum_apply_shifted_128_sub emitted=2356 expected=2284.0 discount=0.031
TLM_TOF phase=square_a_lo_apply_shifted_128_add emitted=2354 expected=2282.0 discount=0.031
TLM_TOF phase=square_b_hi_apply_shifted_128_add emitted=2354 expected=2282.0 discount=0.031
TLM_TOF phase=tlm_inverse_gcd_reverse_decode emitted=1466 expected=1466.0 discount=0.000
TLM_TOF phase=tlm_multiply_gcd_reverse_decode emitted=1466 expected=1466.0 discount=0.000
TLM_TOF phase=tlm_inverse_gcd_forward_codec emitted=1379 expected=1379.0 discount=0.000
TLM_TOF phase=tlm_multiply_gcd_forward_codec emitted=1379 expected=1379.0 discount=0.000
TLM_TOF phase=square_a_lo_apply_unshifted_sub emitted=333 expected=321.0 discount=0.036
TLM_TOF phase=tlm_coord_add3x emitted=332 expected=320.0 discount=0.036
TLM_TOF phase=tlm_coord_rsub_final emitted=332 expected=320.0 discount=0.036
TLM_TOF phase=tlm_coord_x_sub emitted=332 expected=320.0 discount=0.036
TLM_TOF phase=tlm_coord_y_sub emitted=332 expected=320.0 discount=0.036
TLM_TOF phase=tlm_coord_y_sub_final emitted=332 expected=320.0 discount=0.036
TLM_TOF phase=square_sum_hi_lo_unbuild emitted=258 expected=258.0 discount=0.000
TLM_TOF phase=square_sum_hi_lo emitted=256 expected=256.0 discount=0.000
TLM_TOF_TOTAL emitted=1352434 expected=1299076.0 discount=0.0395
CASCADE_ACCEPT pair=CCX(531,583->584) triple=(530,531,1149)
CASCADE_ACCEPT pair=CCX(531,583->584) triple=(530,531,1150)
CASCADE_ACCEPT pair=CCX(531,583->584) triple=(530,531,1132)
CASCADE_ACCEPT pair=CCX(271,323->324) triple=(9,270,271)
CASCADE_ACCEPT pair=CCX(272,324->325) triple=(143,271,272)
CASCADE_ACCEPT pair=CCX(274,326->327) triple=(143,273,274)
CASCADE_ACCEPT pair=CCX(275,327->328) triple=(274,275,1147)
CASCADE_ACCEPT pair=CCX(272,324->325) triple=(271,272,886)
CASCADE_ACCEPT pair=CCX(275,327->328) triple=(274,275,1088)
CASCADE_ACCEPT pair=CCX(274,326->327) triple=(273,274,915)
CASCADE_ACCEPT pair=CCX(275,327->328) triple=(274,275,889)
CONSTPROP iter=1 ccx_total=1347642 dropped=141 folded_cx=23 folded_x=0 inverse_pairs=12 aff_drop=9 aff_fold=3 (this-iter toffoli removed = 200)
CONSTPROP iter=2 ccx_total=1347442 dropped=3 folded_cx=0 folded_x=0 inverse_pairs=11 aff_drop=0 aff_fold=0 (this-iter toffoli removed = 25)
CONSTPROP iter=3 ccx_total=1347417 dropped=0 folded_cx=0 folded_x=0 inverse_pairs=11 aff_drop=0 aff_fold=0 (this-iter toffoli removed = 22)
CONSTPROP iter=4 ccx_total=1347395 dropped=0 folded_cx=0 folded_x=0 inverse_pairs=11 aff_drop=0 aff_fold=0 (this-iter toffoli removed = 22)
CONSTPROP iter=5 ccx_total=1347373 dropped=0 folded_cx=0 folded_x=0 inverse_pairs=11 aff_drop=0 aff_fold=0 (this-iter toffoli removed = 22)
CONSTPROP iter=6 ccx_total=1347351 dropped=0 folded_cx=0 folded_x=0 inverse_pairs=11 aff_drop=0 aff_fold=0 (this-iter toffoli removed = 22)
CONSTPROP iter=7 ccx_total=1347329 dropped=0 folded_cx=0 folded_x=0 inverse_pairs=11 aff_drop=0 aff_fold=0 (this-iter toffoli removed = 22)
CONSTPROP iter=8 ccx_total=1347307 dropped=0 folded_cx=0 folded_x=0 inverse_pairs=11 aff_drop=0 aff_fold=0 (this-iter toffoli removed = 22)
CONSTPROP iter=9 ccx_total=1347285 dropped=0 folded_cx=0 folded_x=0 inverse_pairs=11 aff_drop=0 aff_fold=0 (this-iter toffoli removed = 22)
CONSTPROP iter=10 ccx_total=1347263 dropped=0 folded_cx=0 folded_x=0 inverse_pairs=11 aff_drop=0 aff_fold=0 (this-iter toffoli removed = 22)
CONSTPROP iter=11 ccx_total=1347241 dropped=0 folded_cx=0 folded_x=0 inverse_pairs=11 aff_drop=0 aff_fold=0 (this-iter toffoli removed = 22)
CONSTPROP iter=12 ccx_total=1347219 dropped=0 folded_cx=0 folded_x=0 inverse_pairs=11 aff_drop=0 aff_fold=0 (this-iter toffoli removed = 22)
CONSTPROP iter=13 ccx_total=1347197 dropped=0 folded_cx=0 folded_x=0 inverse_pairs=11 aff_drop=0 aff_fold=0 (this-iter toffoli removed = 22)
CONSTPROP iter=14 ccx_total=1347175 dropped=0 folded_cx=0 folded_x=0 inverse_pairs=5 aff_drop=0 aff_fold=0 (this-iter toffoli removed = 10)
CONSTPROP iter=15 ccx_total=1347165 dropped=0 folded_cx=0 folded_x=0 inverse_pairs=3 aff_drop=0 aff_fold=0 (this-iter toffoli removed = 6)
CONSTPROP iter=16 ccx_total=1347159 dropped=0 folded_cx=0 folded_x=0 inverse_pairs=3 aff_drop=0 aff_fold=0 (this-iter toffoli removed = 6)
CONSTPROP reached max_iters=16, stopping
CONSTPROP TOTAL iters=16 dropped=144 folded_cx=23 folded_x=0 inverse_pairs=155 aff_drop=9 aff_fold=3 (toffoli removed = 489)
SINGLE_CCX_FANOUT: STOP passes=27 input_ops=8970929 output_ops=8970902 reason=no target-fanout conjugation found
SINGLE_CCX_FANOUT: SUMMARY input_ops=8970929 output_ops=8970902 passes=27
  [M-60] disabled -> emitting C1 (unfiltered)
  [W018 CCZ straddle] total_ccz=4792 same_triple_candidates=0 cancelled_pairs=0 removed_ccz=0 -> 8970902 ops
[deep-strip-identity] removed 12202 / 12202 dead; downgraded 4045 / 4045 to CX/CZ; 0 stale keys skipped
POST_STRIP_TARGET_FANOUT_DONE: passes=10
